Rank,WinRate,Games,KDA,AVG_kills,AVG_deaths,AVG_assists,Creep_Score,Damage,Gold,Multi_Kill
Challenger,53,198,2.97,7.3,4.8,6.9,146.9,15767,10777,230
,,,,,,,,,,
Challenger,68,34,2.89,8.1,5.8,8.6,158.7,19225,11184,26
,,,,,,,,,,
Challenger,66,165,5.29,5.7,2.5,7.5,172.9,18992,10399,79
,,,,,,,,,,
Challenger,55,759,2.52,9.2,5.8,5.3,184.4,21505,12101,816
,,,,,,,,,,
Challenger,59,400,2.05,5.9,6.2,6.7,147.1,18824,10413,179
,,,,,,,,,,
Challenger,61,182,3.21,8.9,4.3,4.9,183.8,20226,11578,273
,,,,,,,,,,
Challenger,59,189,2.21,5.7,5.3,6,170,17812,10695,110
,,,,,,,,,,
Challenger,56,220,4.33,6.3,2.6,5.1,245.6,16463,12626,222
,,,,,,,,,,
Challenger,58,342,2.74,3.9,4.5,8.5,176.3,15681,10511,88
,,,,,,,,,,
Challenger,63,116,3.56,1.7,4.6,14.6,35,5427,7514,7
,,,,,,,,,,
Challenger,61,43,2.4,7.8,5.8,6,232.6,23001,13607,35
,,,,,,,,,,
Challenger,60,122,4.23,7.4,3.4,6.8,201.4,18505,12242,129
,,,,,,,,,,
Challenger,61,372,2.68,6.3,4.1,4.6,210.9,16249,11890,287
,,,,,,,,,,
Challenger,56,590,3.47,2.9,4.1,11.2,127.9,12397,8598,80
,,,,,,,,,,
Challenger,60,137,2.76,6.7,4.8,6.6,198,23217,11635,159
,,,,,,,,,,
Challenger,60,399,3.13,8.1,4.5,5.9,185,19207,11599,469
,,,,,,,,,,
Challenger,62,167,2.59,6.6,4.5,5,199,15760,11440,224
,,,,,,,,,,
Challenger,56,206,3.6,7.5,3.7,5.9,211.8,16722,12063,245
,,,,,,,,,,
Challenger,56,94,3.64,2,5.1,16.5,17.8,8274,7807,4
,,,,,,,,,,
Challenger,53,81,3.6,6.9,4.3,8.4,218.5,19268,12643,80
,,,,,,,,,,
Challenger,57,467,3.41,7.6,4.5,7.8,175.1,20477,11195,368
,,,,,,,,,,
Challenger,54,463,3,9.1,5.2,6.6,142.7,18190,11073,535
,,,,,,,,,,
Challenger,58,261,4.75,8.8,3.3,7.1,168,17012,11552,303
,,,,,,,,,,
Challenger,65,172,3.05,10.9,5.9,7.1,188.5,22683,13064,257
,,,,,,,,,,
Challenger,60,77,2.66,5.5,4.1,5.5,180.5,16847,10933,27
,,,,,,,,,,
Challenger,59,169,3.81,7,4.1,8.7,152.3,15317,11140,98
,,,,,,,,,,
Challenger,69,26,3.32,9.7,5,7,146.4,21840,11666,21
,,,,,,,,,,
Challenger,64,70,3.64,1.9,4.4,14,35.4,5511,7443,5
,,,,,,,,,,
Challenger,64,200,3.01,8.6,4.7,5.6,206.8,21024,12578,191
,,,,,,,,,,
Grandmaster,57,122,2.96,8.4,4.6,5.2,190.8,21664,12786,130
,,,,,,,,,,
Challenger,48,297,2.24,5.2,5,6,159,15410,10348,137
,,,,,,,,,,
Grandmaster,54,372,1.14,4.8,9.1,5.5,222.2,22289,12321,126
,,,,,,,,,,
Grandmaster,52,288,2.84,1.7,4.9,12.1,29.8,5404,6812,10
,,,,,,,,,,
Grandmaster,49,43,3.11,6.7,4.5,7.4,194.7,21810,11738,39
,,,,,,,,,,
Grandmaster,52,165,2.59,5.8,4.4,5.7,211.5,22081,11875,95
,,,,,,,,,,
Grandmaster,54,116,2.46,7,5.8,7.1,167.5,18403,10790,104
,,,,,,,,,,
Grandmaster,56,513,3.82,1.9,4.3,14.5,16.9,5649,7786,40
,,,,,,,,,,
Grandmaster,60,121,3.79,9.1,4.6,8.2,180.4,18790,12519,132
,,,,,,,,,,
Grandmaster,50,112,3.16,3,4.4,10.8,156.2,9767,9283,23
,,,,,,,,,,
Grandmaster,53,94,1.63,7.2,7.1,4.4,209.8,24324,12750,97
,,,,,,,,,,
Grandmaster,58,1223,2.9,8.4,5.3,7,159.9,17742,11409,1347
,,,,,,,,,,
Grandmaster,62,71,3.96,7.5,4.1,8.7,155.7,15874,11341,59
,,,,,,,,,,
Grandmaster,57,166,3.19,1.5,4.8,13.7,31.8,5017,7089,2
,,,,,,,,,,
Grandmaster,59,212,2.56,5.7,5.1,7.3,190.7,21762,11039,131
,,,,,,,,,,
Grandmaster,69,93,4.19,1.8,4,14.8,35.9,5445,7423,2
,,,,,,,,,,
Grandmaster,51,613,2.68,5.1,6.1,11.2,58.3,20869,9517,251
,,,,,,,,,,
Grandmaster,49,288,2.94,7,5,7.7,200.5,18899,11941,277
,,,,,,,,,,
Grandmaster,53,158,3.76,7.8,3.9,6.7,179.6,20930,11424,117
,,,,,,,,,,
Grandmaster,57,173,2.64,6.2,4.8,6.6,184.7,19552,11085,118
,,,,,,,,,,
Grandmaster,69,32,3.31,5.6,4.3,8.5,184.7,21077,11534,12
,,,,,,,,,,
Grandmaster,54,1257,2.67,3.7,4.7,8.7,167,15275,9861,246
,,,,,,,,,,
Grandmaster,57,121,2.81,7.6,5.2,7.1,155.1,15925,11392,142
,,,,,,,,,,
Grandmaster,70,50,3.14,9.6,5.2,6.6,244.1,29527,15918,83
,,,,,,,,,,
Grandmaster,53,223,2.81,8.1,5,6.1,203,20489,12511,248
,,,,,,,,,,
Grandmaster,52,193,2.67,1.9,5.3,12.1,30.2,5543,6819,4
,,,,,,,,,,
Grandmaster,56,190,3.54,1.6,4.1,12.9,30.9,6675,6929,9
,,,,,,,,,,
Grandmaster,56,102,3.21,6.5,4,6.2,234,23957,12560,92
,,,,,,,,,,
Grandmaster,56,183,4.37,6.1,3.2,8,208.1,15617,11747,158
,,,,,,,,,,
Grandmaster,60,48,5.34,1.7,2.6,12.5,18.7,6500,7199,3
,,,,,,,,,,
Grandmaster,53,196,3.5,8,4.3,6.9,198.1,19108,12365,201
,,,,,,,,,,
Grandmaster,65,125,3.26,5.5,4.1,7.9,160.1,18650,10402,47
,,,,,,,,,,
Grandmaster,60,117,2.38,6.9,5.3,5.6,183,19217,10880,88
,,,,,,,,,,
Grandmaster,57,44,3.01,5.8,3.6,4.9,218.4,15633,11994,35
,,,,,,,,,,
Grandmaster,60,149,3.66,7.8,4.9,10,135.4,17110,11324,126
,,,,,,,,,,
Grandmaster,62,213,4.56,4,3.3,11,137.1,12492,9250,46
,,,,,,,,,,
Grandmaster,60,331,3.19,2.2,5.6,15.5,15.1,8875,7849,13
,,,,,,,,,,
Grandmaster,58,446,2.6,8.1,6.8,9.5,179.6,26715,11778,410
,,,,,,,,,,
Grandmaster,56,48,3.54,8.2,4.7,8.5,147.4,15453,11220,49
,,,,,,,,,,
Grandmaster,57,321,3.03,4.5,4.3,8.5,169.5,15705,10527,97
,,,,,,,,,,
Grandmaster,57,167,2.92,3,5,11.7,45.2,12414,8113,25
,,,,,,,,,,
Grandmaster,57,216,2.48,7.8,5.8,6.6,159.3,18066,11238,285
,,,,,,,,,,
Grandmaster,59,213,4.53,2,3.7,14.9,16.1,7207,7427,6
,,,,,,,,,,
Grandmaster,53,126,2.17,7.1,6.6,7.2,161.7,20081,10820,100
,,,,,,,,,,
Grandmaster,65,147,3.11,7.4,4.3,6,171.7,18353,10873,150
,,,,,,,,,,
Grandmaster,55,65,1.84,6.7,6.6,5.3,233.9,19668,12694,48
,,,,,,,,,,
Grandmaster,71,79,5.77,2.4,3.2,16.2,15.1,7740,7885,1
,,,,,,,,,,
Grandmaster,59,232,3.06,7,4.1,5.4,171,15264,11003,301
,,,,,,,,,,
Grandmaster,64,428,2.19,7.7,5.6,4.6,188.7,20519,12132,395
,,,,,,,,,,
Grandmaster,62,73,2.06,5.4,5.4,5.7,194.5,21334,11785,48
,,,,,,,,,,
Grandmaster,51,337,2.63,5.5,4.7,6.9,210.2,18802,11523,163
,,,,,,,,,,
Grandmaster,61,115,2.83,9.9,6.3,7.8,69.4,14685,12128,180
,,,,,,,,,,
Grandmaster,61,158,1.87,5.4,6,5.8,182,19659,11569,76
,,,,,,,,,,
Grandmaster,49,96,1.89,7.6,6.9,5.4,195,25849,12616,98
,,,,,,,,,,
Grandmaster,59,160,2.82,6.3,4.1,5.1,217.2,18098,12651,103
,,,,,,,,,,
Grandmaster,53,983,2.91,1.5,5.1,13.4,27.1,6920,7318,44
,,,,,,,,,,
Grandmaster,58,88,3.78,7.4,3.9,7.3,131.3,15695,9840,73
,,,,,,,,,,
Grandmaster,54,336,3.15,2.6,4,9.9,22.3,17675,7588,41
,,,,,,,,,,
Grandmaster,55,472,3.38,6.9,4.3,7.7,138.3,12947,10658,223
,,,,,,,,,,
Grandmaster,57,655,3.55,2.6,4.6,13.9,20,7699,7812,70
,,,,,,,,,,
Grandmaster,57,307,2.44,5.7,4.8,6.1,170.8,17516,10772,146
,,,,,,,,,,
Grandmaster,57,396,3.07,7.1,5.1,8.6,142.5,16707,10782,182
,,,,,,,,,,
Grandmaster,60,121,3.02,6.2,4.4,6.9,181.5,19657,10812,115
,,,,,,,,,,
Grandmaster,60,217,2.9,6.3,4.5,6.7,190.8,17761,11560,172
,,,,,,,,,,
Grandmaster,57,343,1.98,8.8,6.8,4.6,173.6,20086,12318,626
,,,,,,,,,,
Grandmaster,59,264,2.65,4.5,4.5,7.5,187.9,19243,11041,113
,,,,,,,,,,
Grandmaster,58,43,4.16,2,4.3,16,23.9,6536,7750,3
,,,,,,,,,,
Grandmaster,58,702,2.7,8.9,5.4,5.6,168.5,20797,11511,674
,,,,,,,,,,
Grandmaster,59,166,2.8,7.2,4.9,6.6,207.7,22672,12160,205
,,,,,,,,,,
Grandmaster,49,86,2.47,6.5,6.6,9.9,39.8,10730,10389,56
,,,,,,,,,,
Grandmaster,58,57,2.99,1.3,4.8,12.9,28.8,5155,6664,1
,,,,,,,,,,
Grandmaster,53,275,2.54,7.1,5.4,6.8,189.9,19364,11545,252
,,,,,,,,,,
Grandmaster,54,54,2.9,6.7,3.9,4.7,189.7,20499,11392,54
,,,,,,,,,,
Grandmaster,64,44,3.52,8.2,4.8,8.5,182.7,20419,12328,51
,,,,,,,,,,
Grandmaster,56,32,3.55,4.3,2.8,5.8,207.9,12898,10589,14
,,,,,,,,,,
Grandmaster,59,92,3.08,3,6.2,16.1,19.1,12330,8064,8
,,,,,,,,,,
Grandmaster,68,107,4.75,7.9,3.3,7.9,162.5,16529,11126,89
,,,,,,,,,,
Grandmaster,59,17,1.9,7.8,6.7,4.9,206.1,22593,13185,13
,,,,,,,,,,
Grandmaster,53,79,3.06,1.8,4.6,12.4,17.2,8069,7232,8
,,,,,,,,,,
Grandmaster,61,223,2.78,9.8,5.9,6.5,172.4,21794,12300,261
,,,,,,,,,,
Grandmaster,58,147,3.84,1.5,4.1,14.3,32.8,5483,7470,3
,,,,,,,,,,
Grandmaster,56,1310,2.46,5.3,4.6,6.1,173.3,18492,10799,476
,,,,,,,,,,
Grandmaster,57,120,4.18,9.7,4.3,8.2,150.4,17522,11818,165
,,,,,,,,,,
Master,54,813,2.13,5.1,4.2,4,190.7,15509,11140,368
,,,,,,,,,,
Master,52,309,2.47,8.9,5.8,5.4,200,18539,12493,417
,,,,,,,,,,
Master,63,41,2.79,6.1,5.4,8.9,140.4,16666,10462,19
,,,,,,,,,,
Master,59,263,3.31,6.4,4.4,8.3,191.7,17147,11380,237
,,,,,,,,,,
Master,59,176,2.65,8.6,5.6,6.1,160.8,17288,11659,211
,,,,,,,,,,
Master,54,650,2.47,8.5,6.8,8.2,173.6,18822,11811,759
,,,,,,,,,,
Master,62,143,1.73,7.6,7.3,5.1,214.7,27010,13248,117
,,,,,,,,,,
Master,58,106,3.45,8.4,4.3,6.5,169,19860,11367,138
,,,,,,,,,,
Master,55,201,2.5,6.8,5.2,6.3,220.9,21536,12341,191
,,,,,,,,,,
Master,64,180,3.62,7.3,3.8,6.5,174.3,17497,11731,104
,,,,,,,,,,
Master,57,345,1.75,5,6.7,6.6,186.5,22211,11057,193
,,,,,,,,,,
Master,58,332,2.1,6.5,5.7,5.5,212.4,16078,12084,297
,,,,,,,,,,
Master,59,54,2.42,5.9,5.3,6.9,171.4,18328,10525,45
,,,,,,,,,,
Master,54,101,2.17,8.3,6.5,5.9,195.8,21989,13319,124
,,,,,,,,,,
Master,54,389,2.64,5.9,5.2,7.8,164.8,16482,10811,275
,,,,,,,,,,
Master,55,377,3.12,7.7,4.9,7.6,199.7,20688,12142,411
,,,,,,,,,,
Master,56,41,3.27,2,5,14.4,30.1,6081,7441,1
,,,,,,,,,,
Master,52,850,2.31,5.8,4.6,4.9,205.6,14614,11341,611
,,,,,,,,,,
Master,60,318,2.6,6.9,4.4,4.6,210,17215,12440,373
,,,,,,,,,,
Master,57,499,2.42,9.4,5.9,4.9,171.6,20700,11609,531
,,,,,,,,,,
Master,65,86,3.48,6.2,4.3,9,163.1,16197,11004,52
,,,,,,,,,,
Master,56,255,3.41,7.6,4.1,6.5,171.5,19448,11075,143
,,,,,,,,,,
Master,58,164,3.56,6.9,4,7.5,205.2,17902,11839,148
,,,,,,,,,,
Master,59,85,3.18,2,5.4,15.2,34.3,6698,7510,4
,,,,,,,,,,
Master,72,132,3.39,11.4,5.3,6.5,173.8,21860,13108,254
,,,,,,,,,,
Master,52,485,2.09,5,4.8,5,189.9,13477,11005,282
,,,,,,,,,,
Master,63,102,4.13,7.3,3.5,7,207.3,17549,11902,70
,,,,,,,,,,
Master,60,60,4.07,1.5,3.8,13.9,23.5,5002,7137,5
,,,,,,,,,,
Master,54,98,3.79,5.7,3.7,8.2,190.9,22698,10972,50
,,,,,,,,,,
Master,56,725,2.93,6.6,4.5,6.6,155.3,20621,10320,389
,,,,,,,,,,
Master,63,41,2.98,6.3,4.5,7.1,214.7,18422,11839,27
,,,,,,,,,,
Master,71,104,3.41,2.2,5.8,17.4,16.5,7377,8221,7
,,,,,,,,,,
Master,62,107,2.14,7.2,5.2,4,179,18888,11637,97
,,,,,,,,,,
Master,57,320,3.33,9.8,4.8,6.3,147.9,20090,11599,357
,,,,,,,,,,
Master,64,52,1.92,6.3,6,5.1,187.5,19549,11783,38
,,,,,,,,,,
Master,64,44,1.89,8.7,6.9,4.3,200.5,21730,13275,33
,,,,,,,,,,
Master,59,116,2.97,1.9,5.9,15.6,29.8,7099,7547,10
,,,,,,,,,,
Master,58,89,3.87,6.5,3.4,6.7,205.4,16282,12188,84
,,,,,,,,,,
Master,58,485,3.22,7.3,4.6,7.4,173.7,20202,11091,368
,,,,,,,,,,
Master,59,127,2.97,2.1,5.7,14.9,32.2,6790,7697,7
,,,,,,,,,,
Master,55,113,3.25,2.2,5.6,16.2,36.7,7827,8087,10
,,,,,,,,,,
Master,57,136,2.46,1.8,6,12.9,37.4,6258,7258,8
,,,,,,,,,,
Master,56,261,2.31,8.4,6,5.4,157.2,19721,10856,240
,,,,,,,,,,
Master,64,22,3.19,8.3,5.1,8,187.5,21604,12084,36
,,,,,,,,,,
Master,63,259,3.09,6.1,5.4,10.6,147.7,16392,10942,128
,,,,,,,,,,
Master,47,173,2.42,6.7,5.4,6.4,182.2,22081,10978,163
,,,,,,,,,,
Master,57,270,3.28,7.7,4.6,7.2,205.8,20458,12610,240
,,,,,,,,,,
Master,61,263,2.38,11.4,7,5.3,185.1,24455,13053,587
,,,,,,,,,,
Master,58,105,3.48,3,5.4,15.7,12.5,10125,8217,14
,,,,,,,,,,
Master,63,56,4.11,9.4,4.3,8.2,213.1,24538,13736,57
,,,,,,,,,,
Master,58,222,2.41,9.7,6.3,5.5,158.7,21929,11597,213
,,,,,,,,,,
Master,51,57,2.97,8.6,5.5,7.8,148.1,18120,11488,83
,,,,,,,,,,
Master,50,124,2.94,7,5.1,8.1,154.1,15525,11130,78
,,,,,,,,,,
Master,49,78,3.32,9.6,5,6.9,187.9,22434,12548,77
,,,,,,,,,,
Master,54,142,4.69,1.6,3.4,14.5,32.6,5927,7323,1
,,,,,,,,,,
Master,57,98,1.81,7.5,6.6,4.4,177.3,20171,11846,134
,,,,,,,,,,
Master,68,60,4.32,7.8,5,13.8,149.4,19132,11740,46
,,,,,,,,,,
Master,53,73,2.44,7,4.4,3.7,198,18879,12000,76
,,,,,,,,,,
Master,59,288,2.54,6.2,5.1,6.6,205.9,21956,11621,238
,,,,,,,,,,
Master,54,114,4.46,8.7,3.8,8.2,199.5,18996,12673,169
,,,,,,,,,,
Master,41,17,2.63,8.4,6,7.4,161.5,18474,11666,25
,,,,,,,,,,
Master,47,53,2.46,8.4,5.2,4.4,205.2,18464,12105,85
,,,,,,,,,,
Master,56,54,2.07,5.9,4.7,3.9,192.1,14224,11113,26
,,,,,,,,,,
Master,54,315,3.34,8.1,4.7,7.8,157.6,19235,11348,292
,,,,,,,,,,
Master,59,124,2.42,6.3,5,5.8,173.4,18874,11198,65
,,,,,,,,,,
Master,68,34,2.12,7.7,5.6,4.2,177,19800,12085,32
,,,,,,,,,,
Master,52,713,3.88,6.8,3.5,7,186.3,15525,11417,729
,,,,,,,,,,
Master,51,409,1.99,8.3,6.9,5.4,164,19616,11305,423
,,,,,,,,,,
Master,52,143,2.12,4.7,5.8,7.6,155.3,21654,10091,56
,,,,,,,,,,
Master,56,136,2.26,6.7,6.1,7,200.4,20900,12277,125
,,,,,,,,,,
Master,53,146,2.27,8,5.7,5,154.2,19477,10675,148
,,,,,,,,,,
Master,63,98,2.22,5,4.8,5.7,159.2,17018,10370,45
,,,,,,,,,,
Master,57,139,2.47,9.8,6.5,6.3,204.4,24160,13345,219
,,,,,,,,,,
Master,49,449,3.04,1.7,5.2,14,33.1,5434,7313,25
,,,,,,,,,,
Master,62,339,3.05,7.7,4.9,7.2,157.3,18435,11336,354
,,,,,,,,,,
Master,68,56,3.56,8.8,4.8,8.3,181.5,22134,12216,79
,,,,,,,,,,
Master,62,119,3.02,6.4,3.8,5.2,171.8,16754,10357,103
,,,,,,,,,,
Master,50,172,2.3,6.7,5.4,5.7,165.3,17706,11288,103
,,,,,,,,,,
Master,64,127,3.02,7.9,5.1,7.6,193.2,27139,12134,194
,,,,,,,,,,
Master,55,407,3.75,2.1,4.5,14.6,16.1,9140,7825,31
,,,,,,,,,,
Master,50,173,3.07,8.3,4.9,6.7,179,17918,12262,185
,,,,,,,,,,
Master,58,62,2.94,10.5,5.6,6.1,208.4,20500,13241,122
,,,,,,,,,,
Master,56,496,3.05,7.1,4.3,5.9,188.6,21421,11990,463
,,,,,,,,,,
Master,61,133,3.2,7.6,4.1,5.5,200.5,17490,11943,176
,,,,,,,,,,
Master,54,412,3.07,6.7,4.7,7.8,184.2,15896,11491,382
,,,,,,,,,,
Master,72,32,3.82,2.7,5.4,18,6,7231,8123,1
,,,,,,,,,,
Master,56,145,3.01,6.6,4.5,7,206.2,16903,11802,178
,,,,,,,,,,
Master,52,25,2.93,10.8,5.9,6.4,182.7,20778,13393,26
,,,,,,,,,,
Master,56,137,3.67,6.8,4,7.9,157.6,16910,11110,88
,,,,,,,,,,
Master,59,110,3.39,7.5,4.6,8.2,136.8,17173,10887,100
,,,,,,,,,,
Master,60,121,3.94,2.9,5.4,18.2,15.7,9712,8587,14
,,,,,,,,,,
Master,65,34,2.69,7.4,4.9,5.9,150.6,18495,10451,21
,,,,,,,,,,
Master,66,35,3.33,10.2,5,6.5,161.2,23714,11821,42
,,,,,,,,,,
Master,67,57,3.67,7.9,4.2,7.6,176,17834,11893,53
,,,,,,,,,,
Master,73,30,3.01,9.7,5.2,5.8,200.2,22144,13651,43
,,,,,,,,,,
Master,57,484,4.14,8.1,3.4,6,182.3,19624,11783,656
,,,,,,,,,,
Master,64,179,2.9,5.7,4.3,6.8,191.7,20652,11607,100
,,,,,,,,,,
Master,66,92,3,9.5,4.9,5.3,164.3,20400,11497,147
,,,,,,,,,,
Master,63,24,3.14,11,5.8,7.1,182.3,24125,12896,46
,,,,,,,,,,
Master,61,120,2.83,8,4.8,5.4,203.7,18580,12269,160
,,,,,,,,,,
Master,59,95,3.82,1.4,4.1,14.2,20.2,5086,7600,6
,,,,,,,,,,
Master,55,55,2.99,6.3,4.6,7.4,165.3,19767,10720,40
,,,,,,,,,,
Master,65,40,2.84,11.5,6.4,6.7,166.9,24873,13075,55
,,,,,,,,,,
Master,41,103,1.49,7,7.5,4.2,218.4,17935,12131,70
,,,,,,,,,,
Master,64,189,2.1,6.2,5.2,4.6,192.4,17566,11973,113
,,,,,,,,,,
Master,66,58,2.65,9.1,5.6,5.6,210.6,22267,14041,98
,,,,,,,,,,
Master,61,75,2.78,5.6,5.5,9.8,178.8,16637,11766,40
,,,,,,,,,,
Master,56,814,2.87,10.2,5.7,6.2,159.3,24687,12308,778
,,,,,,,,,,
Master,50,74,1.77,6,5.9,4.4,195.8,18849,11806,55
,,,,,,,,,,
Master,64,165,2.49,8.2,6.1,7.1,183,24059,12626,165
,,,,,,,,,,
Master,58,154,2.9,12.6,5.9,4.6,174.2,21647,13408,553
,,,,,,,,,,
Master,60,171,2.22,6.8,6,6.5,179.9,16812,11683,138
,,,,,,,,,,
Master,52,286,2.77,7.9,5.1,6.2,194.1,18139,12062,373
,,,,,,,,,,
Master,67,27,5.7,11.7,3.5,8.1,178.5,20817,13383,30
,,,,,,,,,,
Master,63,19,3.67,2.1,5,16.3,32,5918,7656,0
,,,,,,,,,,
Master,57,162,2.15,7.4,5.9,5.4,205.1,18196,12467,184
,,,,,,,,,,
Master,55,453,2.32,8,6.5,7,131.7,19641,10956,435
,,,,,,,,,,
Master,54,85,2.31,8.7,7.1,7.8,163.6,20798,11716,110
,,,,,,,,,,
Master,59,142,3.95,6.3,4.7,12.4,153.2,16948,11423,67
,,,,,,,,,,
Master,49,119,1.29,5.7,7.3,3.8,176.9,17929,11383,74
,,,,,,,,,,
Master,65,26,3.47,10.7,5.1,7,158,20184,12118,46
,,,,,,,,,,
Master,56,117,2.38,5.5,5.1,6.7,213.3,18009,12168,70
,,,,,,,,,,
Master,57,256,2.83,5.5,5,8.7,183.2,16614,11743,99
,,,,,,,,,,
Master,63,70,6.07,3.1,3.2,16.2,17.8,9030,8626,6
,,,,,,,,,,
Master,68,34,3.35,8.1,4.9,8.5,142.4,18137,11236,35
,,,,,,,,,,
Master,55,272,2.19,5.6,4.5,4.2,178.8,15206,11232,175
,,,,,,,,,,
Master,58,348,4.56,9.9,3.8,7.3,163.1,19587,11906,430
,,,,,,,,,,
Master,47,38,1.98,7.4,6.5,5.3,201.8,18797,12067,36
,,,,,,,,,,
Master,58,165,2.72,7.1,4.8,5.9,188.1,17728,11800,178
,,,,,,,,,,
Master,53,36,2.95,5.7,4.2,6.8,196.6,21460,11568,20
,,,,,,,,,,
Master,55,264,2.61,9.1,5.9,6.3,153,7950,11819,459
,,,,,,,,,,
Master,56,161,2.93,6,4.2,6.5,174.8,14804,11172,139
,,,,,,,,,,
Master,56,315,2.4,7,6.1,7.6,205.4,20505,12406,281
,,,,,,,,,,
Master,62,412,2.57,11.1,7,6.8,152.4,26188,12633,623
,,,,,,,,,,
Master,53,19,1.56,5.4,6.9,5.4,224.3,25056,12882,6
,,,,,,,,,,
Master,52,920,4.23,6,3.1,7.1,191.7,16318,11586,572
,,,,,,,,,,
Master,56,250,2.8,8.6,5.1,5.7,170.9,23901,12192,288
,,,,,,,,,,
Master,59,123,2.78,10.9,6.2,6.4,147.3,24775,11964,176
,,,,,,,,,,
Master,62,117,3.68,7.4,4.3,8.5,158.7,16537,11328,79
,,,,,,,,,,
Master,47,49,2.12,6,5.5,5.7,193.8,17566,11688,44
,,,,,,,,,,
Master,53,147,3.38,7.3,4.6,8.4,188.6,18708,12010,114
,,,,,,,,,,
Master,71,34,5.04,2.9,2.9,11.8,148.6,10329,9115,9
,,,,,,,,,,
Master,65,37,2.4,12.7,7.9,6.2,244.4,36488,16109,80
,,,,,,,,,,
Master,54,72,3.24,4.8,5.6,13.5,40.5,18948,10235,29
,,,,,,,,,,
Master,62,78,3.21,7.4,4.9,8.3,135.1,16829,11127,38
,,,,,,,,,,
Master,55,76,3.4,2.7,5.8,17,14.3,9101,8529,11
,,,,,,,,,,
Master,58,31,1.64,6.5,7.2,5.3,206.7,25670,12646,22
,,,,,,,,,,
Master,63,32,3.54,2.7,5.1,15.3,39.8,7197,8096,4
,,,,,,,,,,
Master,48,42,3.4,13,5.5,5.6,197.7,27560,14175,112
,,,,,,,,,,
Master,71,24,2.36,7.5,6,6.6,155,17839,10693,14
,,,,,,,,,,
Master,74,38,4.44,9.8,4,8.1,142.6,17770,11510,44
,,,,,,,,,,
Master,64,11,3.7,8.5,5.1,10.3,185.5,22703,12853,13
,,,,,,,,,,
Master,65,52,2.94,8.2,5.3,7.3,192.1,19836,12570,50
,,,,,,,,,,
Platinum 1,78,67,3.81,10.5,4.8,7.6,160.7,21473,12217,104
,,,,,,,,,,
Platinum 1,63,236,3.1,12.1,5.7,5.6,207.3,28877,14404,352
,,,,,,,,,,
Diamond 4,58,76,2.55,10.9,6.6,6,160.7,21785,12581,145
,,,,,,,,,,
Diamond 4,54,300,4.54,2.1,3.9,15.6,11.1,10409,7879,25
,,,,,,,,,,
Diamond 4,48,88,2.16,7.1,5.7,5.2,146.6,16035,10198,86
,,,,,,,,,,
Diamond 4,64,64,3.54,6.3,4.4,9.1,179.6,16043,11276,53
,,,,,,,,,,
Diamond 4,59,118,2.72,8,5.5,6.9,180.1,18437,11892,212
,,,,,,,,,,
Diamond 4,54,214,2.1,5.6,5.3,5.4,183.2,15017,11131,161
,,,,,,,,,,
Diamond 4,57,154,2.83,9.7,5.5,6,211.4,22023,13119,231
,,,,,,,,,,
Diamond 4,56,98,2.27,4.7,6.7,10.7,49.9,18947,9509,29
,,,,,,,,,,
Diamond 4,55,234,3.09,7.1,4.7,7.6,196.7,21088,12628,153
,,,,,,,,,,
Diamond 4,56,183,2.67,7.2,4.7,5.4,183.5,18533,12013,146
,,,,,,,,,,
Diamond 4,56,583,2.72,8.2,5.5,6.8,182.3,18573,12414,459
,,,,,,,,,,
Diamond 4,55,196,2.59,8.7,5.7,6.2,189.3,19406,12419,368
,,,,,,,,,,
Diamond 4,53,19,2.41,8.5,5.8,5.6,183.1,20962,12566,28
,,,,,,,,,,
Diamond 4,65,49,2.5,6.2,5,6.3,202.4,20684,11565,24
,,,,,,,,,,
Diamond 4,56,288,2.47,9.7,5.9,4.8,179,17608,12913,612
,,,,,,,,,,
Diamond 4,53,72,2.65,7.4,4.9,5.6,180,20260,11713,118
,,,,,,,,,,
Diamond 4,60,77,3.28,1.6,4.8,14.2,35,6152,7482,2
,,,,,,,,,,
Platinum 1,41,71,2.49,7.4,5.7,6.7,154.7,14868,11466,83
,,,,,,,,,,
Platinum 1,79,33,4.22,7.5,3.9,9,138.2,14555,10560,24
,,,,,,,,,,
Platinum 1,57,86,2.41,4.5,5.2,8.1,182.9,18191,10589,50
,,,,,,,,,,
Platinum 1,60,164,3.46,5.9,4.4,9.4,157.1,17234,10703,110
,,,,,,,,,,
Platinum 1,60,35,3.46,9.1,4.6,6.9,229.7,25264,13503,55
,,,,,,,,,,
Platinum 1,64,66,2.67,2.1,5.3,12.1,25.2,8678,7753,9
,,,,,,,,,,
Platinum 1,67,12,2.12,5.4,4.3,3.8,174.8,11644,10583,6
,,,,,,,,,,
Platinum 1,60,87,2.05,7.8,7,6.5,192,24151,12433,108
,,,,,,,,,,
Platinum 1,52,231,3.18,9,5.5,8.4,162.5,20271,11800,237
,,,,,,,,,,
Platinum 1,63,153,2.37,7.9,5.7,5.6,183.1,20361,12326,154
,,,,,,,,,,
Platinum 2,62,53,2.91,7.5,4.6,5.9,206,17959,12707,66
,,,,,,,,,,
Platinum 2,70,95,2.97,8.9,5.2,6.7,168,20877,12109,123
,,,,,,,,,,
Platinum 2,77,39,3.48,9.6,5.1,8.1,160.9,21720,12136,53
,,,,,,,,,,
Platinum 2,65,20,3.09,5.8,5.1,10,40.7,9426,10505,13
,,,,,,,,,,
Platinum 2,33,6,1.63,7.2,6.8,4,172.2,17628,10874,6
,,,,,,,,,,
Platinum 2,55,127,2.3,11.7,8.1,7,171.3,25062,13520,301
,,,,,,,,,,
Platinum 2,60,205,2.39,8.3,5.4,4.6,180.5,24989,12588,188
,,,,,,,,,,
Platinum 2,70,10,5.64,10.5,4.5,14.9,226.6,30973,14707,10
,,,,,,,,,,
Platinum 2,68,28,2.59,9.8,7.1,8.5,156.4,24958,12093,40
,,,,,,,,,,
Platinum 2,56,34,2.65,6.4,4.9,6.7,164.9,17828,11392,10
,,,,,,,,,,
Platinum 2,29,28,2.33,4.1,5.4,8.4,130.6,12436,8959,7
,,,,,,,,,,
Platinum 2,51,81,2,6.7,5,3.4,203.5,15311,11562,82
,,,,,,,,,,
Platinum 2,63,32,2.93,6.3,4.3,6.3,166,17828,11233,19
,,,,,,,,,,
Platinum 2,48,198,2.37,7.2,6.6,8.3,162.3,22082,11578,182
,,,,,,,,,,
Platinum 2,65,80,4.76,5.7,3.5,10.9,169.5,13499,11682,42
,,,,,,,,,,
Platinum 2,29,14,1.08,4.2,7.7,4.1,106.9,9460,8371,2
,,,,,,,,,,
Platinum 2,58,26,2.65,8.4,5.5,6.1,184.8,19247,11922,29
,,,,,,,,,,
Platinum 2,74,19,1.93,8.2,7.2,5.7,186.5,22544,12245,10
,,,,,,,,,,
Platinum 2,59,69,2.88,7.4,5.1,7.4,211.9,27238,12932,58
,,,,,,,,,,
Platinum 3,54,103,2.26,2.1,7.2,14,38.6,8694,8339,6
,,,,,,,,,,
Platinum 3,53,17,3.34,11.9,5.8,7.6,219,26693,14629,29
,,,,,,,,,,
Platinum 3,51,160,2.58,9.5,6.1,6.2,224.5,22667,13680,284
,,,,,,,,,,
Platinum 3,58,59,2.72,7.4,5.4,7.1,200.1,21455,12540,65
,,,,,,,,,,
Platinum 3,60,37,1.89,9.2,8.5,6.9,150.2,21695,11760,71
,,,,,,,,,,
Platinum 2,39,31,2.79,8.9,6.2,8.5,172.9,23165,12630,31
,,,,,,,,,,
Platinum 3,46,13,2.14,7.7,5.7,4.5,146.7,20001,10535,12
,,,,,,,,,,
Platinum 2,53,17,2.95,1.9,6.5,17.2,14.6,8620,8504,1
,,,,,,,,,,
Platinum 2,57,164,3.29,6.5,4.6,8.7,186.7,18306,11726,151
,,,,,,,,,,
Platinum 2,47,17,1.77,7.9,7.5,5.4,244.1,24240,14088,18
,,,,,,,,,,
Platinum 3,59,32,4.71,1.9,4.3,18.2,17.9,8050,8422,1
,,,,,,,,,,
Platinum 2,56,259,3.96,2,4.7,16.7,7.4,8952,8025,10
,,,,,,,,,,
Platinum 3,51,317,3.28,5.1,5,11.2,134.8,14350,10387,149
,,,,,,,,,,
Platinum 3,60,82,3.13,9.3,5.3,7.3,191.7,19599,12580,117
,,,,,,,,,,
Platinum 3,48,59,2.45,7.4,5.6,6.4,192.2,17174,12369,59
,,,,,,,,,,
Platinum 4,54,59,2.77,8.4,5.2,6,178.6,17956,12161,106
,,,,,,,,,,
Platinum 4,61,41,4.69,1.8,4.3,18.5,12.1,8022,8477,7
,,,,,,,,,,
Platinum 4,59,210,3.09,8.8,4.8,6.1,188.4,21635,12860,224
,,,,,,,,,,
Platinum 4,51,391,2.09,7.3,6.3,5.8,209.5,21113,12772,215
,,,,,,,,,,
Platinum 4,56,244,4.56,2.3,4.6,18.7,5.1,8653,8284,25
,,,,,,,,,,
Platinum 4,52,121,2.65,8.4,6.1,7.7,161.2,18048,12129,101
,,,,,,,,,,
Platinum 4,58,55,3.99,3.9,3.8,11.3,192,18328,10761,15
,,,,,,,,,,
Platinum 4,58,31,2.98,13.3,6.6,6.3,167.2,27155,13047,57
,,,,,,,,,,
Platinum 4,20,5,1.25,1.8,4.8,4.2,67.2,12863,7619,1
,,,,,,,,,,
Platinum 4,55,233,3.72,7.6,4.2,8.2,189.1,21228,12231,136
,,,,,,,,,,
Platinum 4,54,124,2.41,8.9,6.8,7.6,179.7,21848,12890,152
,,,,,,,,,,
Platinum 4,53,341,3.05,4.6,5.6,12.3,39,21859,9786,67
,,,,,,,,,,
Platinum 4,55,132,2.75,9.3,5.4,5.7,185.5,20690,13150,137
,,,,,,,,,,
Platinum 4,46,54,2.93,6,4.4,7,187.6,22739,11989,27
,,,,,,,,,,
Platinum 4,58,69,3.54,8,4.5,8,181,23781,12194,92
,,,,,,,,,,
Platinum 4,50,20,3.22,1.9,5.2,14.8,32,11319,8310,1
,,,,,,,,,,
Platinum 4,61,128,3.07,2,6.3,17.3,35.1,7848,8372,8
,,,,,,,,,,
Platinum 4,58,36,2.47,7.7,6.1,7.3,163.7,24434,11645,27
,,,,,,,,,,
Platinum 4,52,48,2.21,2,6.9,13.3,30.8,6068,7663,3
,,,,,,,,,,
Platinum 4,51,49,2.95,8.4,4.8,5.7,168.1,16505,11224,108
,,,,,,,,,,
Platinum 4,66,121,2.44,9.3,6.4,6.4,195.4,20646,12880,156
,,,,,,,,,,
Platinum 4,62,149,2.7,6.2,5.5,8.7,205.2,18334,12121,143
,,,,,,,,,,
Platinum 4,51,107,0.87,6.1,11.5,3.9,229.6,26946,14008,34
,,,,,,,,,,
Platinum 4,85,13,4.62,13.2,4.6,8.1,195.8,29271,14523,30
,,,,,,,,,,
Platinum 4,51,105,3.13,7.2,5,8.6,142.5,14959,10773,77
,,,,,,,,,,
Platinum 4,48,134,2.76,5.4,4,5.7,168.5,15476,10693,45
,,,,,,,,,,
Platinum 4,59,59,3,7.1,5.7,9.9,189.7,18620,12453,46
,,,,,,,,,,
Platinum 4,47,19,1.95,4.6,4.9,5.1,192.6,14308,10990,7
,,,,,,,,,,
Gold 1,56,97,2.42,6.6,4.6,4.5,177.4,15542,11140,92
,,,,,,,,,,
Gold 1,77,13,5.23,14.5,4,6.5,136.3,28949,12619,10
,,,,,,,,,,
Gold 1,57,28,2.63,7.9,5.6,6.7,193.3,20017,12534,27
,,,,,,,,,,
Gold 1,63,51,3.15,9.9,5.5,7.4,189.2,23902,13183,69
,,,,,,,,,,
Gold 1,67,6,2.45,7.7,5.5,5.8,157,20036,11216,4
,,,,,,,,,,
Gold 1,57,136,2.51,8.1,7,9.5,45.9,13208,11992,166
,,,,,,,,,,
Gold 1,65,88,5.07,9.1,3.2,7,226.1,23675,13968,127
,,,,,,,,,,
Gold 1,57,46,2.19,6.6,5.7,5.9,211.1,20559,13527,31
,,,,,,,,,,
Gold 1,73,11,4.43,8.7,3.8,8.2,172.5,16661,12422,17
,,,,,,,,,,
Gold 1,50,108,2.29,10.6,7.8,7.3,164.6,22634,12922,145
,,,,,,,,,,
Gold 1,53,337,2.15,4.5,6,8.5,180.1,18852,11237,88
,,,,,,,,,,
Gold 1,57,70,2.6,6.1,6.8,11.6,39.2,25236,10285,33
,,,,,,,,,,
Gold 1,50,4,3.5,13.5,5,4,158,25156,12576,7
,,,,,,,,,,
Gold 1,67,12,1.42,5.9,8.3,5.9,183,16985,11921,12
,,,,,,,,,,
Gold 1,58,26,2.2,6.6,5.2,4.8,160.2,16216,10353,36
,,,,,,,,,,
Gold 1,56,129,2.79,7.1,5.6,8.4,155.9,17155,11730,71
,,,,,,,,,,
Gold 1,64,36,3.35,3.8,5.1,13.4,28.6,12891,8759,8
,,,,,,,,,,
Gold 1,55,175,3.71,1.1,4.4,15.1,31.7,7234,7724,9
,,,,,,,,,,
Gold 2,55,119,3.46,7.3,5.1,10.3,198.8,22213,12754,97
,,,,,,,,,,
Gold 1,39,36,2.62,5.1,5.4,9.1,149.5,18250,11120,7
,,,,,,,,,,
Gold 2,50,26,2.27,7.4,6.5,7.3,169.2,17212,11922,25
,,,,,,,,,,
Gold 1,54,24,2.66,2.1,6.2,14.3,38.4,9088,8094,1
,,,,,,,,,,
Gold 2,57,75,4.4,9,4,8.7,165.5,25286,12327,68
,,,,,,,,,,
Gold 1,53,212,3.99,2.8,4.1,13.7,23.4,9799,8331,20
,,,,,,,,,,
Gold 1,55,31,3.82,8.5,5,10.7,177,20803,12673,30
,,,,,,,,,,
Gold 2,48,31,1.62,3.8,8.2,9.5,92.3,21566,9194,6
,,,,,,,,,,
Gold 2,57,308,2.5,8.1,6.4,7.9,153.2,15533,11977,268
,,,,,,,,,,
Gold 2,50,10,2.04,7.8,5.4,3.2,186.8,16857,11367,13
,,,,,,,,,,
Gold 1,50,91,1.89,5.8,6.1,5.9,159.5,20543,10827,41
,,,,,,,,,,
Gold 1,53,66,2.69,7.5,5.4,7,167.3,17334,11353,88
,,,,,,,,,,
Gold 1,55,40,1.86,7.1,5.4,3,166.5,17755,11057,34
,,,,,,,,,,
Gold 1,44,41,2.13,1.9,6.8,12.6,33.3,6671,7295,3
,,,,,,,,,,
Gold 2,53,30,2.68,5.2,5.8,10.3,145.7,16178,10602,9
,,,,,,,,,,
Gold 2,52,132,2.93,7.9,5.4,8.1,156.7,17434,11838,94
,,,,,,,,,,
Gold 2,55,76,4.32,6.2,3.4,8.4,195.8,25959,12120,55
,,,,,,,,,,
Gold 1,59,54,2.81,2.1,5.6,13.6,23.8,9623,8132,5
,,,,,,,,,,
Gold 1,62,45,4.46,2.2,4.2,16.5,5.5,10451,8095,6
,,,,,,,,,,
Gold 2,48,95,2.78,6.9,4.1,4.5,186.3,17577,12034,57
,,,,,,,,,,
Gold 2,49,66,2.81,2.4,5,11.6,52.6,7832,7672,9
,,,,,,,,,,
Gold 1,50,60,2.2,2.9,7.2,13,29.4,17820,8608,9
,,,,,,,,,,
Gold 2,66,38,3.5,9.2,4.1,5.2,203.5,18330,13001,64
,,,,,,,,,,
Gold 2,57,68,2.46,8.8,6.9,8.1,174.4,21564,12556,80
,,,,,,,,,,
Gold 2,67,3,3.13,9.7,5,6,186.7,23596,13949,3
,,,,,,,,,,
Gold 2,55,1248,2.99,9.2,5.7,7.9,174.9,20682,12616,1312
,,,,,,,,,,
Gold 2,57,63,3.13,3.7,6.3,16.2,18.9,12726,8909,9
,,,,,,,,,,
Gold 2,59,65,4.05,9.1,4.3,8.5,133.4,21253,11345,49
,,,,,,,,,,
Gold 2,67,9,2.8,7.1,5,6.9,158.4,20393,10807,9
,,,,,,,,,,
Gold 2,53,198,2.44,7.2,6.5,8.6,194.8,20050,12496,214
,,,,,,,,,,
Gold 3,50,10,1.78,9.1,7.6,4.4,171.1,19765,11962,20
,,,,,,,,,,
Gold 3,54,119,3.17,8.7,5,7.2,170.2,19601,12216,145
,,,,,,,,,,
Gold 3,40,5,2.91,10,4.6,3.4,162.6,20271,11680,8
,,,,,,,,,,
Gold 3,60,20,4.42,1.4,4.9,20.3,4,6248,8676,1
,,,,,,,,,,
Gold 3,54,76,2.8,6.9,5.8,9.3,92.3,20259,10531,43
,,,,,,,,,,
Gold 3,42,41,2.41,10.2,7.3,7.5,224.3,23603,14510,63
,,,,,,,,,,
Gold 1,60,73,2.81,1.8,5.5,13.8,21.8,9550,8395,2
,,,,,,,,,,
Gold 3,38,48,2.62,0.9,5.9,14.5,11.5,6249,7331,0
,,,,,,,,,,
Gold 2,75,4,5.23,11.3,3.3,5.8,200.3,23421,12696,12
,,,,,,,,,,
Gold 3,42,33,2.62,7.7,6.4,9,180.8,21773,12157,28
,,,,,,,,,,
Gold 1,57,44,2.38,6.7,6.3,8.3,167.4,21511,12267,21
,,,,,,,,,,
Gold 3,61,69,2.37,7,4.4,3.5,236.5,18704,13903,69
,,,,,,,,,,
Gold 1,50,186,1.87,6.2,5.8,4.7,215.2,26678,12497,153
,,,,,,,,,,
Gold 1,68,37,4.75,8.6,3.7,8.8,193,20182,12842,47
,,,,,,,,,,
Gold 3,56,110,3.77,2.4,4.4,14.3,35.3,11235,8713,5
,,,,,,,,,,
Gold 3,42,45,2.21,6.6,6.8,8.4,156.4,20312,11779,20
,,,,,,,,,,
Gold 1,50,16,2.29,16.4,9.3,4.8,182.1,32610,15809,71
,,,,,,,,,,
Gold 3,48,249,2.66,6.8,5.7,8.3,190.9,23707,12775,157
,,,,,,,,,,
Gold 1,69,35,3.27,5.3,3.5,6.2,159,18427,10549,26
,,,,,,,,,,
Gold 1,44,9,2.34,2.9,6.6,12.4,37.4,7645,8418,1
,,,,,,,,,,
Gold 3,60,10,3.1,8,4.1,4.7,153.4,14138,10548,11
,,,,,,,,,,
Gold 3,64,64,2.38,7.8,5.8,5.9,193.7,26537,12954,77
,,,,,,,,,,
Gold 3,62,26,1.54,7.6,8.6,5.6,169.7,19716,11467,31
,,,,,,,,,,
Gold 1,57,56,2.41,9.7,7.6,8.6,163.8,22347,12437,64
,,,,,,,,,,
Gold 1,67,18,2.62,7.3,6.3,9.3,40.4,12023,10893,20
,,,,,,,,,,
Gold 1,56,16,3.77,9.2,4.1,6.4,158.9,17004,11685,15
,,,,,,,,,,
Gold 1,60,15,2.38,8.4,6.5,7.1,105.3,18433,10906,6
,,,,,,,,,,
Gold 1,40,15,2.08,6.4,7.2,8.6,159.3,16476,11616,7
,,,,,,,,,,
Gold 1,55,22,1.71,5.4,6.7,6.1,185.1,17700,11724,11
,,,,,,,,,,
Gold 3,54,35,2.72,11.5,7,7.6,143.6,25406,12612,63
,,,,,,,,,,
Gold 1,55,29,2.88,3.2,5.3,12,41.4,10171,8225,3
,,,,,,,,,,
Gold 3,49,170,2.58,5.2,7.1,13.1,38.4,22732,9882,47
,,,,,,,,,,
Gold 3,67,18,2.65,9,5.9,6.6,180.8,19593,11704,27
,,,,,,,,,,
Gold 3,57,67,2.62,10.9,6.7,6.6,142.8,22071,12458,105
,,,,,,,,,,
Gold 1,50,80,2.9,4.5,5.2,10.4,83.7,16642,9046,22
,,,,,,,,,,
Gold 1,54,89,4.42,9.9,4,7.9,194.3,21912,13348,155
,,,,,,,,,,
Gold 3,56,184,3.11,7.8,4.6,6.6,194.2,26272,12891,121
,,,,,,,,,,
Gold 1,64,53,3.63,8.7,4.7,8.4,183.6,28825,12492,70
,,,,,,,,,,
Gold 1,65,20,4.02,0.9,4.4,16.9,33,6324,7835,0
,,,,,,,,,,
Gold 4,49,89,3.1,2.3,5.4,14.4,28.6,7254,7699,7
,,,,,,,,,,
Gold 1,67,6,1.9,6,6.5,6.3,192.2,21397,12318,4
,,,,,,,,,,
Gold 1,44,25,2.18,7.9,6.6,6.4,159.6,22437,11269,20
,,,,,,,,,,
Gold 4,62,52,2.84,8.6,5.6,7.4,182.1,17728,12393,92
,,,,,,,,,,
Gold 4,49,140,1.52,5.5,6,3.6,175.5,16376,11356,69
,,,,,,,,,,
Gold 4,56,113,2.47,9.3,6,5.7,205.5,20924,13039,156
,,,,,,,,,,
Gold 4,53,621,2.41,11.6,7.1,5.5,150.1,24734,12498,1634
,,,,,,,,,,
Gold 1,56,9,4.15,13.1,5.2,8.6,174.6,30081,14282,11
,,,,,,,,,,
Gold 1,50,6,2.26,8.5,5.8,4.7,183.2,20712,11609,12
,,,,,,,,,,
Gold 4,63,16,2.91,12.6,6.2,5.4,217.5,27766,14949,23
,,,,,,,,,,
Gold 4,55,111,2.3,9.6,6.7,5.7,168.5,26718,12889,114
,,,,,,,,,,
Gold 1,25,4,2.7,1.8,6.8,16.5,21.5,13040,8019,0
,,,,,,,,,,
Gold 4,80,10,3.27,8.2,4.8,7.5,163.5,18741,12322,11
,,,,,,,,,,
Gold 4,35,20,1.84,6.9,5.9,4,198.5,18177,11903,16
,,,,,,,,,,
Gold 4,46,24,2.53,12.3,7.8,7.4,175.6,27136,14205,73
,,,,,,,,,,
Gold 1,65,26,2.33,5.9,5.7,7.4,175.1,24153,11972,16
,,,,,,,,,,
Gold 1,85,20,4.25,8.7,3.6,6.7,172.4,18717,11551,28
,,,,,,,,,,
Gold 4,36,14,3.78,11.1,4.8,7,162.8,20190,12810,28
,,,,,,,,,,
Gold 4,33,42,1.77,8.4,7.5,4.9,200,24282,13143,36
,,,,,,,,,,
Gold 4,37,19,1.72,8.4,8.6,6.5,191.4,21503,13105,27
,,,,,,,,,,
Gold 4,54,364,2.98,5.8,4.4,7.3,131.4,17337,10031,203
,,,,,,,,,,
Gold 4,43,286,2.18,8,6.8,6.8,176.5,26389,12104,271
,,,,,,,,,,
Gold 1,46,54,2.25,2.6,6.5,12.1,31.4,13748,8096,6
,,,,,,,,,,
Gold 4,64,44,2.59,12.4,6.8,5.3,198.2,25654,14412,172
,,,,,,,,,,
Gold 4,51,65,2.19,7.1,6,6.2,185.4,18721,12279,42
,,,,,,,,,,
Gold 1,36,36,2.02,6.1,6.3,6.7,196,20231,12067,25
,,,,,,,,,,
Gold 1,43,30,2.83,5.8,4.8,7.8,135.2,13827,9612,26
,,,,,,,,,,
Gold 4,54,24,2.63,10,6.3,6.4,151.6,20329,12403,26
,,,,,,,,,,
Gold 4,67,27,2.27,8.4,7.4,8.3,192.9,23555,12738,46
,,,,,,,,,,
Gold 1,65,20,4.66,11.9,4.7,10,187.7,25876,13706,43
,,,,,,,,,,
Gold 4,47,167,2.33,10.6,7.6,7.2,152.2,24063,12676,324
,,,,,,,,,,
Gold 4,50,284,4.29,1.7,4.3,16.6,6.4,8069,7903,19
,,,,,,,,,,
Gold 1,63,76,2.36,7.2,6.4,8,167.6,21549,11889,62
,,,,,,,,,,
Gold 4,63,65,2.27,8.1,6,5.5,226.9,23534,13808,66
,,,,,,,,,,
Gold 1,85,13,3.58,6.3,4.4,9.4,114.7,15023,9743,0
,,,,,,,,,,
Gold 4,67,21,3.29,9.5,7.9,16.3,160.7,20855,14173,18
,,,,,,,,,,
Gold 1,53,17,2.94,7.3,5,7.4,176.3,21436,11523,17
,,,,,,,,,,
Gold 1,43,7,3.15,13.6,6.9,8,156,24589,14099,9
,,,,,,,,,,
Gold 1,47,19,2.81,9,5.7,6.9,214.6,23539,13580,33
,,,,,,,,,,
Gold 4,56,113,3.19,8,5.4,9.2,179.8,17588,12080,79
,,,,,,,,,,
Gold 4,53,57,1.92,6.8,5.5,3.8,162.6,15348,10885,41
,,,,,,,,,,
Gold 4,55,49,2.87,4.7,5.8,11.8,118.3,16154,9609,16
,,,,,,,,,,
Gold 4,52,29,2.21,9.1,7.2,6.7,184.8,20355,12731,44
,,,,,,,,,,
Gold 4,64,28,2.35,7.7,6.7,8,174.8,26785,12455,25
,,,,,,,,,,
Gold 4 1,46,13,2,10.5,8.7,6.9,182.8,27968,14177,13
,,,,,,,,,,
Gold 4,88,8,6.25,11.8,3,7,184.8,26317,12784,13
,,,,,,,,,,
Gold 4,56,199,4.34,5.4,3.2,8.3,181.9,15211,11428,91
,,,,,,,,,,
Gold 4,60,5,2.11,10,7,4.8,155.8,19818,11094,6
,,,,,,,,,,
Gold 4,52,67,2.12,7.3,5.8,5,129.8,12501,10594,84
,,,,,,,,,,
Silver 1,71,7,2.87,12.3,7.6,9.4,169.9,34649,13803,11
,,,,,,,,,,
Silver 1,57,14,2.21,4.2,5.1,7.1,226,21721,12497,10
,,,,,,,,,,
Silver 1,64,11,2.85,8.5,5.5,7.3,159.4,19781,11267,14
,,,,,,,,,,
Silver 1,63,19,2.6,5.6,4.5,6.2,211.2,20337,12016,7
,,,,,,,,,,
Silver 1,52,46,3.53,8.3,4.8,8.6,161.4,18265,12412,36
,,,,,,,,,,
Silver 1,55,44,2.31,4.9,4.3,5,130.3,14073,8789,25
,,,,,,,,,,
Silver 1,57,37,2.75,10.1,6.4,7.4,162.1,21089,12243,91
,,,,,,,,,,
Silver 1,39,28,1.79,9.1,7.7,4.7,228.4,21950,13849,47
,,,,,,,,,,
Silver 1,75,12,2.39,8.9,6.6,6.8,163.4,20535,12196,26
,,,,,,,,,,
Silver 1,42,12,1.44,4.7,5.5,3.3,166.2,14543,9680,8
,,,,,,,,,,
Silver 1,59,51,2.89,5.4,4.5,7.5,146.5,21073,10128,15
,,,,,,,,,,
Silver 1,83,6,4.3,14,4.5,5.3,215,25448,16286,24
,,,,,,,,,,
Silver 1,64,14,3.82,9.4,4.4,7.3,166.3,23715,12318,16
,,,,,,,,,,
Silver 1,41,27,2.09,1.6,6.6,12.3,37.3,5231,7867,0
,,,,,,,,,,
Silver 1,49,45,2.17,8.5,6.8,6.3,133.9,19458,11759,43
,,,,,,,,,,
Silver 1,68,28,3.59,10.4,5.8,10.4,223.2,26811,14652,72
,,,,,,,,,,
Silver 1,63,19,3.54,3.1,4.7,13.7,122.5,11684,8988,2
,,,,,,,,,,
Silver 1,64,11,2.14,5.7,6.7,8.6,152.6,15401,10864,10
,,,,,,,,,,
Silver 1,50,6,3.63,11.8,5,6.3,145.7,18046,12368,8
,,,,,,,,,,
Silver 1,43,7,1.36,2.9,6,5.3,188.3,16795,10901,1
,,,,,,,,,,
Silver 1,46,11,2.73,9.8,6,6.5,156.5,20853,12455,19
,,,,,,,,,,
Silver 1,47,32,2.44,11.3,8.3,8.8,148,28107,12690,37
,,,,,,,,,,
Silver 2,43,7,1.93,9.6,8,5.9,172.3,23719,12329,9
,,,,,,,,,,
Silver 2,58,12,3.58,6.4,4.6,10,177.8,18138,12004,10
,,,,,,,,,,
Silver 1,85,13,2.55,6.1,4.6,5.7,217.2,14597,12178,10
,,,,,,,,,,
Silver 1,69,13,1.59,7.3,7.8,5.2,167.5,16496,11277,9
,,,,,,,,,,
Silver 1,54,39,3.2,6.6,4.3,7.2,173.6,21440,11406,23
,,,,,,,,,,
Silver 1,78,9,2.61,5.4,4,5,212.2,13416,11767,7
,,,,,,,,,,
Silver 2,67,82,2.06,8.4,6.8,5.6,182,31098,12630,133
,,,,,,,,,,
Silver 2,60,10,1.65,5.6,7.1,6.1,119.5,16132,10005,1
,,,,,,,,,,
Silver 1,48,27,1.22,6.1,8.7,4.6,179.5,20579,11447,15
,,,,,,,,,,
Silver 1,63,19,3.84,7.5,4.9,11.3,62.7,30639,11326,19
,,,,,,,,,,
Silver 1,50,10,1.52,7.1,7.9,4.9,195.7,25865,12627,2
,,,,,,,,,,
Silver 2,66,35,2.95,2.6,5.4,13.2,34,9023,8200,1
,,,,,,,,,,
Silver 1,60,10,2.59,5.4,4.9,7.3,128.3,12086,9949,3
,,,,,,,,,,
Silver 2,53,61,2.62,8.5,5.7,6.4,170,17641,12303,76
,,,,,,,,,,
Silver 2,62,76,2.73,9.3,6.4,8.3,146.3,21441,11872,95
,,,,,,,,,,
Silver 2,63,19,3.04,15.1,7.3,7,138.8,30545,13688,37
,,,,,,,,,,
Silver 2,53,171,4.23,8.3,4.3,10.1,138.7,28279,11785,118
,,,,,,,,,,
Silver 1,43,7,2.3,2.4,6.7,13,26,13221,8313,2
,,,,,,,,,,
Silver 2,49,39,2.49,6,6.8,11.1,177.6,22646,11869,21
,,,,,,,,,,
Silver 1,63,8,3.72,1.1,3.6,12.4,18,3298,7154,1
,,,,,,,,,,
Silver 1,67,42,2.75,11.6,7.3,8.4,173.1,24806,14107,72
,,,,,,,,,,
Silver 2,53,40,2.63,7.5,6.2,8.8,184,17923,12563,51
,,,,,,,,,,
Silver 1,40,15,2.31,6.7,5.6,6.3,160.8,20296,11150,10
,,,,,,,,,,
Silver 2,50,193,2.24,9.3,7.1,6.6,190.1,21430,12849,303
,,,,,,,,,,
Silver 2,56,55,2.34,3.4,5.8,10.2,53.9,18028,9487,14
,,,,,,,,,,
Silver 3,29,21,2.21,5.2,5.6,7.2,149.7,15252,10577,9
,,,,,,,,,,
Silver 3,36,11,1.37,3.6,5.7,4.2,147,14369,9201,3
,,,,,,,,,,
Silver 3,50,10,1.64,5.4,7,6.1,175.6,16819,11664,5
,,,,,,,,,,
Silver 3,48,46,2.17,5.8,6.2,7.6,51.3,13547,9148,15
,,,,,,,,,,
Silver 3,46,11,2.26,8.6,6.4,5.7,174.8,21565,12509,15
,,,,,,,,,,
Silver 3,53,51,2.89,7.8,5.6,8.5,84.2,21828,10856,27
,,,,,,,,,,
Silver 3,55,47,3.53,1.9,4.3,13.4,12,5219,7824,1
,,,,,,,,,,
Silver 3,56,64,1.8,4.2,6.2,7,171.2,15878,10979,18
,,,,,,,,,,
Silver 3,59,138,3.15,9.4,5.4,7.7,187.4,23470,12882,259
,,,,,,,,,,
Silver 3,36,22,2.37,7.6,5.4,5.1,142.8,18101,10080,17
,,,,,,,,,,
Silver 3,52,88,2.26,7.5,7.7,9.9,117.2,15349,11181,57
,,,,,,,,,,
Silver 3,71,7,3.57,11,6,10.4,160.6,24265,12994,9
,,,,,,,,,,
Silver 3,67,3,1.82,8,5.7,2.3,75.3,8281,7757,1
,,,,,,,,,,
Silver 3,57,7,2.44,8.1,4.9,3.7,202.1,23100,12054,11
,,,,,,,,,,
Silver 3,44,16,2.1,6.2,6.1,6.7,150.7,16845,10923,8
,,,,,,,,,,
Silver 3,40,10,2.67,6.7,5.1,6.9,234.1,26271,13892,8
,,,,,,,,,,
Silver 4,62,148,2.22,10.7,7.2,5.3,167.8,23697,13010,311
,,,,,,,,,,
Silver 3,50,2,2.15,6.5,6.5,7.5,172.5,15706,10814,2
,,,,,,,,,,
Silver 3,73,11,1.99,8.1,6.6,5.1,182.4,19976,12199,17
,,,,,,,,,,
Silver 4,59,32,2.84,9.6,6,7.5,182.3,20310,13082,46
,,,,,,,,,,
Silver 4,50,14,1.49,6.3,7,4.1,180.9,21437,11708,6
,,,,,,,,,,
Silver 4,40,15,1.36,5.1,6.7,4,159.7,13847,10015,11
,,,,,,,,,,
Silver 3,61,36,4.3,9.1,4.1,8.4,225.3,22021,14240,47
,,,,,,,,,,
Silver 4,61,31,2.74,6.2,6.7,12.3,160.4,21212,11902,17
,,,,,,,,,,
Silver 3,13,15,1.82,5.5,6.6,6.5,147.6,19029,10211,7
,,,,,,,,,,
Silver 3,44,16,1.97,8.8,8.1,7.3,179.6,20510,12691,20
,,,,,,,,,,
Silver 3,48,40,1.87,6.6,8,8.4,129.8,21113,10858,21
,,,,,,,,,,
Silver 4,58,12,3.01,3.1,5.6,13.8,31.9,15642,9042,0
,,,,,,,,,,
Silver 4,56,135,1.87,9.4,8.8,7,141.4,25714,12527,136
,,,,,,,,,,
Silver 3,41,46,1.56,5.6,7.4,6,153.6,21073,11145,12
,,,,,,,,,,
Silver 3,67,3,3.25,5.7,4,7.3,143,11605,9968,1
,,,,,,,,,,
Silver 3,51,89,2.69,2.5,6,13.8,32.2,9861,7967,6
,,,,,,,,,,
Bronze 1,64,11,2.63,7.5,4.9,5.4,138.4,15458,10706,11
,,,,,,,,,,
Unranked,60,5,3.2,6.2,4,6.6,173.6,19929,11407,4
,,,,,,,,,,
Unranked,44,23,1.75,3.3,5.1,5.6,138.1,10200,9199,4
,,,,,,,,,,
Unranked,25,4,1.82,12.8,11.3,7.8,132,27057,12959,4
,,,,,,,,,,
Unranked,50,6,1.13,3.8,8.8,6.2,105.8,10635,8456,3
,,,,,,,,,,
Silver 4,61,80,2.86,5.1,6.1,12.3,129.3,14435,10636,27
,,,,,,,,,,
Silver 3,25,4,1,2.8,7,4.3,77.5,12343,6603,1
,,,,,,,,,,
Silver 3,57,7,3.47,6.9,5.1,11,199.3,18209,13441,6
,,,,,,,,,,
Silver 4,17,6,0.76,2.7,9.8,4.8,76.2,7306,7924,0
,,,,,,,,,,
Silver 4,59,32,1.45,6.8,9.4,6.8,110.3,17129,10028,13
,,,,,,,,,,
Silver 3,53,19,2.11,3.8,5.2,7.1,188,12310,11167,2
,,,,,,,,,,
Silver 4,56,80,2.14,7.2,6,5.7,185,16090,12510,73
,,,,,,,,,,
Bronze 1,44,9,2.27,6.3,4.9,4.8,121,13545,9718,4
,,,,,,,,,,
Bronze 1,57,141,2.77,7.8,6.6,10.4,181.2,20088,12974,162
,,,,,,,,,,
Bronze 1,67,39,2.71,2.3,6.1,14.1,23.1,10298,8311,1
,,,,,,,,,,
Bronze 1,57,113,2.24,8.6,7.6,8.4,177,28074,12364,104
,,,,,,,,,,
Bronze 1,38,16,2.04,9.8,6.8,4.1,171.5,24787,12686,16
,,,,,,,,,,
Bronze 1,100,3,8.75,0.7,1.3,11,2,2928,5617,0
,,,,,,,,,,
Bronze 1,46,145,1.88,9.3,8.1,5.8,138.9,23718,11835,159
,,,,,,,,,,
Bronze 1,57,7,2.53,1.7,5.1,11.3,48.6,9079,7639,0
,,,,,,,,,,
Bronze 1,38,24,1.49,4.6,7.8,6.9,103.1,12027,9122,12
,,,,,,,,,,
Bronze 1,48,120,2.17,5,5.4,6.7,134,18424,10130,35
,,,,,,,,,,
Bronze 1,67,3,1.58,4,4,2.3,128.3,9887,8162,1
,,,,,,,,,,
Bronze 1,67,12,3.29,3.6,4,9.6,106.4,9832,9468,2
,,,,,,,,,,
Bronze 1,31,16,2.18,4.1,5.2,7.3,119.3,12095,9296,7
,,,,,,,,,,
Bronze 1,50,12,1.23,3,6.7,5.2,165.1,8647,9948,2
,,,,,,,,,,
Bronze 1,50,8,2.26,8.3,6.6,6.8,163.3,24267,11984,6
,,,,,,,,,,
Bronze 1,71,17,2.36,7.9,6.9,8.4,195.5,21409,13289,20
,,,,,,,,,,
Bronze 1,52,21,2.2,7.9,6.2,5.9,146.2,15626,11273,15
,,,,,,,,,,
Bronze 1,53,17,1.76,5.8,7.9,8.1,107.5,20237,9725,4
,,,,,,,,,,
Bronze 1,72,39,2.33,9.6,7.1,7.1,194.3,25299,13339,66
,,,,,,,,,,
Bronze 1,36,55,1.3,2.3,8.5,8.8,54.8,10550,7765,5
,,,,,,,,,,
Bronze 3,51,72,2.24,10.2,6.8,5.1,157.2,21650,12402,178
,,,,,,,,,,
Bronze 1,80,5,3.19,11,5.2,5.6,197.4,25873,13060,11
,,,,,,,,,,
Bronze 3,43,56,1.58,7.6,7.6,4.4,163.4,24995,11785,47
,,,,,,,,,,
Bronze 1,18,11,0.66,2.1,9.4,4.1,68.3,7142,6707,1
,,,,,,,,,,
Bronze 3,64,14,3.4,6.2,4.6,9.6,169.7,19475,12604,2
,,,,,,,,,,
Bronze 1,55,53,1.84,5.9,7.5,7.9,133.5,17075,10688,45
,,,,,,,,,,
Bronze 3,55,93,2.34,9.6,7.3,7.6,131,23652,11417,108
,,,,,,,,,,
Bronze 1,29,14,1.59,2.9,7.1,8.4,44.1,12854,7728,2
,,,,,,,,,,
Bronze 1,50,2,1.5,3.5,6,5.5,128.5,9757,8611,0
,,,,,,,,,,
Bronze 1,52,27,4.16,7.6,4.8,12.3,86,27930,11084,22
,,,,,,,,,,
Bronze 1,50,4,3.28,2,4.5,12.8,34,14040,7707,0
,,,,,,,,,,
Bronze 1,60,20,3.33,6.2,5.7,12.8,93.2,20028,10321,17
,,,,,,,,,,
Bronze 3,50,8,1.74,8.6,7.6,4.6,115.9,15355,10752,11
,,,,,,,,,,
Bronze 1,72,32,1.78,7.1,7.1,5.5,133.5,21784,11036,35
,,,,,,,,,,
Bronze 3,67,12,4.64,16,5.1,7.6,181.6,44288,15071,33
,,,,,,,,,,
Bronze 1,100,3,6.18,14.7,3.7,8,179.3,36510,14301,6
,,,,,,,,,,
Bronze 3,53,15,2,6.1,5.8,5.5,137.5,14737,10252,15
,,,,,,,,,,
Bronze 3,55,11,2.84,8.4,4.5,4.5,106.5,13101,9466,13
,,,,,,,,,,
Bronze 3,39,44,2.2,9.2,7.9,8.3,175.1,25567,13335,52
,,,,,,,,,,
Bronze 3,55,60,2.97,8.2,5.7,8.7,153.8,15893,11972,38
,,,,,,,,,,
Bronze 1,71,7,3.33,4.4,5.7,14.6,52.3,21298,10192,1
,,,,,,,,,,
Bronze 4,51,100,1.62,3.7,8,9.2,41,16656,8634,11
,,,,,,,,,,
Bronze 1,37,43,1.29,3.8,6.4,4.5,105.9,12563,8502,13
,,,,,,,,,,
Bronze 1,50,4,2.29,5.5,6,8.3,163,15699,10327,2
,,,,,,,,,,
Bronze 4,25,4,2.44,2.8,6.3,12.5,59.5,18698,9249,1
,,,,,,,,,,
Bronze 4,57,14,2.19,10.2,7.8,6.9,126.2,19202,11845,12
,,,,,,,,,,
Bronze 4,46,189,2.01,4.5,5.6,6.8,111.4,13411,9000,74
,,,,,,,,,,
Bronze 1,27,30,1.1,3.3,8.4,6,109.7,13478,9333,3
,,,,,,,,,,
Bronze 4,25,8,1.84,7.9,7.8,6.4,105.1,16507,10478,4
,,,,,,,,,,
Bronze 1,13,8,0.47,1.1,7.5,2.4,88.1,4583,6340,1
,,,,,,,,,,
Bronze 4,38,24,1.5,7.6,8.8,5.5,128.8,15868,11246,26
,,,,,,,,,,
Bronze 4,31,26,1.26,5.6,8.2,4.8,112.5,11892,9469,25
,,,,,,,,,,
Grandmaster,61,92,4.24,9.8,4.1,7.8,147.8,16593,11509,80
,,,,,,,,,,
Grandmaster,56,70,1.98,9.5,7.7,5.8,147.9,21343,11293,93
,,,,,,,,,,
Grandmaster,59,183,3.09,8.2,5,7.2,162.6,14626,11721,148
,,,,,,,,,,
Grandmaster,59,88,3.04,9,5,6.4,218.5,19800,12911,128
,,,,,,,,,,
Grandmaster,54,629,2.82,8.2,5.5,7.3,159,16640,11450,719
,,,,,,,,,,
Grandmaster,53,476,2.05,7.1,6,5.3,178.1,17634,11615,512
,,,,,,,,,,
Grandmaster,56,391,3.4,3.1,4,10.5,144.7,11610,9208,55
,,,,,,,,,,
Grandmaster,60,168,2.47,8.1,7.3,10,181,26811,11942,181
,,,,,,,,,,
Grandmaster,50,223,2.01,5.4,5.5,5.5,203.6,18757,11402,125
,,,,,,,,,,
Grandmaster,55,523,2.55,6.1,5.6,8.1,149.9,16018,10511,264
,,,,,,,,,,
Grandmaster,55,42,2.59,9.5,6.4,6.9,203.4,22369,12786,72
,,,,,,,,,,
Grandmaster,55,721,3.11,1.8,5.2,14.4,31.5,6237,7210,27
,,,,,,,,,,
Grandmaster,59,187,2.31,7.1,5.2,4.9,219.1,18334,12140,208
,,,,,,,,,,
Grandmaster,61,100,1.72,7.7,10.2,9.8,193,30899,12262,113
,,,,,,,,,,
Grandmaster,57,112,2.77,6,4.9,7.5,194.2,21066,11269,97
,,,,,,,,,,
Grandmaster,60,186,2.64,2,5.6,12.8,31.3,7353,7055,11
,,,,,,,,,,
Grandmaster,54,407,2.98,6.8,4.6,7,199.1,18225,11864,325
,,,,,,,,,,
Grandmaster,64,118,3.31,5.8,4.2,8.1,197.2,22853,11791,52
,,,,,,,,,,
Grandmaster,54,94,3.64,2,4.6,14.7,18.5,5896,7903,13
,,,,,,,,,,
Grandmaster,58,177,2.92,9.4,5,5.1,168.3,18821,11686,254
,,,,,,,,,,
Grandmaster,55,125,3.53,1.9,4.6,14.3,30,7315,7348,3
,,,,,,,,,,
Grandmaster,54,858,3.54,1.3,4.1,13.4,20.5,4933,7165,40
,,,,,,,,,,
Grandmaster,57,244,2.41,7.3,6.6,8.6,37.9,11293,10589,246
,,,,,,,,,,
Grandmaster,54,54,2.9,6.7,3.9,4.7,189.7,20499,11392,54
,,,,,,,,,,
Grandmaster,62,165,2.72,8.1,5.5,7,157.3,20449,11171,188
,,,,,,,,,,
Grandmaster,55,87,3.01,1.7,4.4,11.5,28.3,5098,6757,5
,,,,,,,,,,
Master,54,115,3.81,4.5,3.4,8.3,211,17459,11067,46
,,,,,,,,,,
Master,57,60,3.17,9.7,4.9,5.8,175.8,21641,12305,62
,,,,,,,,,,
Master,62,195,2.55,12.2,6.8,5.2,164.8,21614,13592,559
,,,,,,,,,,
Master,52,91,3.53,6.5,4.3,8.6,155.1,14038,10829,56
,,,,,,,,,,
Master,58,31,3.11,2.9,4.9,12.3,72.5,8991,8686,4
,,,,,,,,,,
Master,53,320,2.62,6.4,4.9,6.6,201.8,22530,11743,299
,,,,,,,,,,
Master,61,133,3.59,1.3,4.4,14.5,28.9,5734,7122,4
,,,,,,,,,,
Master,56,242,2.17,5.9,5.2,5.4,185.2,16085,11126,168
,,,,,,,,,,
Master,59,378,4.02,7.9,4.1,8.5,159.8,16431,11569,253
,,,,,,,,,,
Master,55,229,1.62,6.8,6.8,4.3,219,20405,12371,205
,,,,,,,,,,
Master,54,204,2.74,8.1,5.1,5.8,205.1,17776,12068,399
,,,,,,,,,,
Master,53,36,3.03,5.1,3.7,6.1,188.2,19336,10860,25
,,,,,,,,,,
Master,66,127,3.28,2.3,5.3,15,22.3,7184,7872,13
,,,,,,,,,,
Master,59,187,2.31,7.1,5.2,4.9,219.1,18334,12140,208
,,,,,,,,,,
Master,54,966,2.18,4.3,6.1,8.9,72.4,18927,9316,246
,,,,,,,,,,
Master,58,57,2.89,8.2,5.4,7.3,211,20805,13202,65
,,,,,,,,,,
Master,57,104,3.44,6.9,3.8,6.3,232.6,19986,12825,112
,,,,,,,,,,
Master,72,93,4.53,9.5,3.5,6.3,164,20392,11697,130
,,,,,,,,,,
Master,55,125,3.53,1.9,4.6,14.3,30,7315,7348,3
,,,,,,,,,,
Master,68,28,3.48,7.5,4.3,7.6,232.9,26096,13693,35
,,,,,,,,,,
Master,53,212,2.08,6.1,5.5,5.3,204.3,14318,11815,144
,,,,,,,,,,
Master,60,135,2.66,5.4,4.1,5.6,237.1,17587,12576,94
,,,,,,,,,,
Master,63,65,2.55,2.3,5.8,12.4,39.9,8133,7341,9
,,,,,,,,,,
Master,71,44,3.47,7.4,4.4,7.8,145.8,15413,10956,32
,,,,,,,,,,
Master,56,529,3.48,1.5,4.4,13.8,25.9,6985,7686,16
,,,,,,,,,,
Master,51,281,2.48,5.5,4.5,5.7,201.1,15124,11343,228
,,,,,,,,,,
Master,54,191,2.8,7.9,5,6.2,161.7,18900,11022,170
,,,,,,,,,,
Master,62,146,3.02,2.4,5.8,15.2,16,8956,7799,23
,,,,,,,,,,
Master,54,430,1.92,7.8,7.2,6,182,20929,12523,540
,,,,,,,,,,
Master,46,221,2.41,7,5,5.2,221.4,19974,12751,203
,,,,,,,,,,
Master,69,338,4.12,2.4,4.3,15.2,28.2,8601,7805,13
,,,,,,,,,,
Master,54,342,2.04,9.8,7.4,5.2,174.7,23623,12509,509
,,,,,,,,,,
Master,65,166,2.55,7.6,7,10.3,176.9,27152,11630,174
,,,,,,,,,,
Master,60,163,2.55,7.6,4.9,5,192,17972,11629,164
,,,,,,,,,,
Master,60,202,3.59,2,4.6,14.6,29.1,6617,7376,13
,,,,,,,,,,
Master,57,46,3.61,7.8,3.9,6.1,182.1,20068,11297,56
,,,,,,,,,,
Master,52,228,2.03,5.7,5.9,6.3,212,16080,11753,154
,,,,,,,,,,
Master,56,116,2.32,5.4,5.2,6.6,205.7,20370,11562,73
,,,,,,,,,,
Master,52,65,4.12,8.6,3.3,5.1,160.6,18520,11212,54
,,,,,,,,,,
Master,51,504,2.01,4,5.1,6.3,190.1,17212,10466,142
,,,,,,,,,,
Master,62,114,5.09,2.4,3.6,16.1,20.3,8600,7869,9
,,,,,,,,,,
Master,51,251,2.38,6,5,5.9,213.5,17941,12020,200
,,,,,,,,,,
Master,57,99,2.87,6.6,4.6,6.6,161.5,16775,10353,57
,,,,,,,,,,
Master,65,153,3.83,1.2,4.3,15.3,13.4,5676,7234,4
,,,,,,,,,,
Master,59,69,3.92,6.5,3.1,5.7,174.3,15764,11094,64
,,,,,,,,,,
Master,54,141,4.07,2,4.5,16.1,26.7,6803,7669,7
,,,,,,,,,,
Master,63,102,5.59,2,3.2,16.2,5,9022,7489,9
,,,,,,,,,,
Master,58,232,1.82,6.8,6.8,5.5,188.6,20872,11701,220
,,,,,,,,,,
Master,53,375,3.92,5.4,3.2,7.1,196.9,20415,11181,176
,,,,,,,,,,
Master,59,131,3.22,7.4,4.9,8.3,155.3,14956,11345,98
,,,,,,,,,,
Master,54,24,2.86,8.8,4.6,4.4,165.8,20149,10941,42
,,,,,,,,,,
Master,53,161,1.92,7.1,6.9,6.1,171.4,21186,11045,135
,,,,,,,,,,
Master,69,39,3.25,7.3,5.4,10.4,197,22580,11958,36
,,,,,,,,,,
Master,50,88,1.6,6.8,6.5,3.6,217.5,20273,12148,80
,,,,,,,,,,
Master,58,141,4.08,5.4,4,10.8,137.5,14073,10115,75
,,,,,,,,,,
Master,52,379,3.05,7,4.1,5.5,174,20497,11020,336
,,,,,,,,,,
Master,51,135,2.66,6,4,4.7,189,14579,11335,90
,,,,,,,,,,
Master,54,68,3.2,1.7,4.7,13.3,34.6,5671,7450,1
,,,,,,,,,,
Master,58,164,3.57,1.7,4.5,14.5,35.2,5979,7539,6
,,,,,,,,,,
Master,56,185,3.41,8,4.3,6.6,162.1,18883,10843,116
,,,,,,,,,,
Master,59,107,2.99,7.6,5.3,8.1,194.1,19369,12122,109
,,,,,,,,,,
Master,58,73,2.07,8.5,7,6.1,197.8,22755,12603,96
,,,,,,,,,,
Master,57,193,2.44,5.6,4.7,5.8,212.5,21257,11433,139
,,,,,,,,,,
Master,53,342,3.41,1.9,4.3,12.9,35,5705,7261,17
,,,,,,,,,,
Master,54,343,3.79,7,3.9,7.7,194.5,16872,11540,344
,,,,,,,,,,
Master,58,230,3.97,6.9,4,8.8,117.2,15470,10102,130
,,,,,,,,,,
Master,56,356,3.14,10,5.2,6.4,205.2,20579,13362,682
,,,,,,,,,,
Master,63,109,4.1,8.1,4.2,9,152,15112,11658,90
,,,,,,,,,,
Master,58,432,3.6,1.8,4.7,15,31.1,5802,7484,16
,,,,,,,,,,
Master,63,141,2.68,2.7,6.2,14,28.3,8854,7579,9
,,,,,,,,,,
Master,60,20,2.26,8.7,7,7,236.1,21193,13955,26
,,,,,,,,,,
Master,61,328,2.61,10.1,6.1,5.7,155.3,21396,11608,402
,,,,,,,,,,
Master,71,28,3.81,12.1,5.1,7.5,206,23786,14417,63
,,,,,,,,,,
Master,55,80,3.86,1.6,3.9,13.5,28.9,6337,7283,1
,,,,,,,,,,
Master,58,226,2.07,7,5.7,4.9,195.1,18125,12011,219
,,,,,,,,,,
Master,58,159,3.41,5.1,4.6,10.7,163.2,15210,10265,60
,,,,,,,,,,
Master,60,205,3.04,5.9,4.1,6.6,213.5,19835,11630,102
,,,,,,,,,,
Master,63,91,3.05,4.2,5.5,12.6,141.7,13810,10190,35
,,,,,,,,,,
Master,55,159,3.57,7.4,3.9,6.6,162.5,17047,11010,139
,,,,,,,,,,
Master,58,175,3.7,6.5,3.6,6.7,188.3,18234,10965,118
,,,,,,,,,,
Master,54,238,1.96,4.5,5,5.3,199.7,15873,11204,75
,,,,,,,,,,
Master,60,279,2.65,8.5,6.8,9.5,202.2,29035,12650,319
,,,,,,,,,,
Master,52,143,1.81,5.8,6.3,5.7,208.3,22193,11970,87
,,,,,,,,,,
Master,51,245,2.44,1.8,6.2,13.3,31.5,5449,7268,10
,,,,,,,,,,
Master,60,173,3.25,1.9,5,14.3,15.9,8859,7441,5
,,,,,,,,,,
Master,51,101,4.18,7.4,3.3,6.4,155.1,16783,10589,84
,,,,,,,,,,
Master,53,421,3.25,6.7,4.4,7.4,195.9,16535,11486,420
,,,,,,,,,,
Master,57,110,3.19,10.7,5.3,6.2,175.4,20172,12641,147
,,,,,,,,,,
Master,56,686,3.4,1.8,4.8,14.6,35.8,7471,7575,27
,,,,,,,,,,
Master,56,95,5.29,2.2,3.6,16.6,6.5,9724,7794,4
,,,,,,,,,,
Master,52,123,3.16,1.7,5,14,32.9,5368,7203,7
,,,,,,,,,,
Master,61,162,2.9,6.8,4,4.9,217.4,18710,12296,116
,,,,,,,,,,
Master,64,106,3.73,2.3,4.6,14.9,29.4,9672,8288,5
,,,,,,,,,,
Master,51,162,1.84,5.2,5.3,4.6,179,16832,10344,86
,,,,,,,,,,
Master,57,199,2.84,6,4.3,6.4,191.6,19442,10750,134
,,,,,,,,,,
Master,54,349,2.44,6.7,4.6,4.6,179,21075,10882,315
,,,,,,,,,,
Master,51,247,2.67,8.9,5.6,6.1,153.5,19853,11260,315
,,,,,,,,,,
Master,64,55,3.24,8.4,4.7,6.7,175.8,21722,11896,40
,,,,,,,,,,
Master,54,72,2.11,6.9,5.8,5.4,173.6,19370,11409,42
,,,,,,,,,,
Master,56,25,2.27,6.4,5.1,5.2,222,24202,12991,21
,,,,,,,,,,
Master,59,106,2,9.9,7.6,5.2,199.4,24201,14207,253
,,,,,,,,,,
Master,56,128,3.22,9.3,4.7,5.9,208.7,21096,12695,219
,,,,,,,,,,
Master,59,108,3.25,1.9,5.5,16,20.5,8469,8197,3
,,,,,,,,,,
Master,56,436,4.37,7.5,3,5.5,213,14709,12428,525
,,,,,,,,,,
Master,53,1365,2.31,5.1,4.7,5.7,159,15955,10148,620
,,,,,,,,,,
Master,59,268,2.34,6.7,5.9,7,156.9,18768,10809,175
,,,,,,,,,,
Master,58,317,3.33,1.8,4.5,13.3,34.3,5421,7307,15
,,,,,,,,,,
Master,54,109,4.09,5.4,3.7,9.7,194.9,18027,11228,56
,,,,,,,,,,
Master,52,210,3.12,7.4,3.9,4.7,215.8,16823,12205,285
,,,,,,,,,,
Master,59,354,2,5.9,5.1,4.4,182,16782,11428,170
,,,,,,,,,,
Master,60,445,2.38,7.4,6.5,7.9,140.6,18162,10922,452
,,,,,,,,,,
Master,59,116,3.39,7.3,3.7,5.4,176,17028,11215,98
,,,,,,,,,,
Master,55,335,2,7.4,5.8,4.2,217.8,19098,12423,360
,,,,,,,,,,
Master,61,325,3.59,7.6,4.3,7.7,183.6,15065,11931,245
,,,,,,,,,,
Master,64,107,3.52,4.4,3.9,9.3,178,14483,11174,34
,,,,,,,,,,
Master,53,53,2.37,8.2,5.7,5.4,170.7,18258,11106,57
,,,,,,,,,,
Master,56,332,2.83,5.7,4.4,6.8,185,17450,10767,234
,,,,,,,,,,
Master,61,54,4.31,2.1,4.3,16.3,37.7,7335,8270,3
,,,,,,,,,,
Master,61,281,2.94,5.4,4.6,8.1,194.7,22174,11441,156
,,,,,,,,,,
Master,55,106,3.4,2.5,4.6,13,26.3,10978,7777,11
,,,,,,,,,,
Master,57,265,2.94,8.6,5.3,6.9,180.6,19671,12131,304
,,,,,,,,,,
Master,56,104,2.32,6.5,5,5.2,196.4,17743,11436,87
,,,,,,,,,,
Master,58,45,1.82,8.2,6.6,3.8,204.4,21017,12441,47
,,,,,,,,,,
Master,56,45,2.64,8.3,5.6,6.6,161.6,21072,11435,24
,,,,,,,,,,
Master,55,174,2.16,4.7,5.1,6.3,167.8,17939,10560,66
,,,,,,,,,,
Master,55,1021,3.2,2.3,5.1,14.1,21.9,9495,7896,83
,,,,,,,,,,
Master,52,163,2.91,5.8,4.2,6.6,220.3,22215,11889,106
,,,,,,,,,,
Master,53,597,2.29,2.8,4.8,8.3,138.8,12801,8762,67
,,,,,,,,,,
Master,53,288,2.33,6.8,5,4.8,178.5,15420,11453,273
,,,,,,,,,,
Master,56,105,2.83,9.1,5.4,6.3,204,21584,13040,146
,,,,,,,,,,
Master,54,208,3.56,9.9,4.1,4.8,189.7,18630,12480,251
,,,,,,,,,,
Master,62,50,2.39,6.4,5.6,6.9,169,15681,10709,30
,,,,,,,,,,
Master,60,423,3.4,10.4,4.9,6.4,158.3,21270,11881,629
,,,,,,,,,,
Master,56,131,3.52,6,3.7,6.9,178.6,14664,11091,75
,,,,,,,,,,
Master,57,101,3.08,6.6,4.2,6.5,183,20059,11054,99
,,,,,,,,,,
Master,62,73,3.19,2.3,5.2,14.4,25.3,9705,7834,5
,,,,,,,,,,
Master,64,96,4.66,12.5,4.4,7.8,171.1,22920,12948,171
,,,,,,,,,,
Master,57,475,2.57,6,4.6,5.8,210.5,14828,11726,334
,,,,,,,,,,
Master,58,189,2.19,8.8,7.3,7.3,130.9,21345,10560,204
,,,,,,,,,,
Master,49,195,1.75,7,7.4,5.9,204.1,17182,12084,179
,,,,,,,,,,
Master,64,90,3.5,2.5,5.4,16.2,14.1,8214,7958,9
,,,,,,,,,,
Master,54,400,4.63,5.3,2.4,6.1,205.8,15894,11132,204
,,,,,,,,,,
Master,49,102,2.57,5.8,5.1,7.3,179.5,16999,10814,70
,,,,,,,,,,
Master,61,100,2,7.4,5.8,4.1,190.4,20794,11536,94
,,,,,,,,,,
Master,53,116,3.09,7.2,4.8,7.8,199.1,16869,12240,111
,,,,,,,,,,
Master,58,88,3.42,2.9,4,10.8,35.6,6090,7658,9
,,,,,,,,,,
Master,55,170,3,7.5,4.8,7,207.6,20347,12098,244
,,,,,,,,,,
Master,65,257,4.03,7.3,3.8,7.9,167,17980,10979,187
,,,,,,,,,,
Master,56,189,1.98,7.5,6.3,4.9,177.5,19993,11903,134
,,,,,,,,,,
Master,60,362,4.7,1.8,3.3,13.5,17.8,7615,7170,17
,,,,,,,,,,
Master,51,210,2.67,8.1,5.1,5.5,196.7,17221,11993,258
,,,,,,,,,,
Master,51,173,3.26,1.6,4.7,13.8,34.8,6633,7376,8
,,,,,,,,,,
Master,62,106,2.66,7.3,5,6.2,176.8,17400,11623,114
,,,,,,,,,,
Master,61,298,3.37,10.8,5,6.2,191.2,23514,13091,557
,,,,,,,,,,
Master,56,71,2.97,2.1,4.9,12.6,33.3,7805,7294,7
,,,,,,,,,,
Master,55,97,2.51,8.3,6,6.6,198.5,19502,12352,119
,,,,,,,,,,
Master,63,54,3.48,1.2,4.6,14.6,30.1,5054,6841,4
,,,,,,,,,,
Master,65,72,3.01,8.6,4.7,5.6,193,17356,12059,97
,,,,,,,,,,
Master,61,171,2.84,7.7,4.4,4.8,186.5,19618,11278,210
,,,,,,,,,,
Master,48,91,3.53,1.6,4.1,12.7,38.8,6279,7483,4
,,,,,,,,,,
Master,59,81,3.05,1.3,4.8,13.3,23.2,6163,6969,6
,,,,,,,,,,
Master,68,76,4.1,11.4,4.3,6.4,188.1,22944,13469,144
,,,,,,,,,,
Master,55,333,3.11,7.5,4.4,6.1,202.1,17378,11983,409
,,,,,,,,,,
Master,54,90,3.2,7,4.5,7.3,226.9,20582,12817,89
,,,,,,,,,,
Master,53,337,3.37,8.8,4.8,7.5,156.7,20411,11288,348
,,,,,,,,,,
Master,55,475,2.41,8,5.5,5.3,180.9,20614,11611,354
,,,,,,,,,,
Master,53,225,3.23,7.1,4.8,8.3,150.4,17492,10920,224
,,,,,,,,,,
Master,57,373,2.22,6.6,5,4.4,187.3,16111,11635,350
,,,,,,,,,,
Master,52,108,3.87,6.7,3.2,5.8,207.5,15329,11744,117
,,,,,,,,,,
Master,62,68,2.61,8.6,5.7,6.3,205.3,22788,12468,95
,,,,,,,,,,
Master,54,399,3.16,2.1,4.5,12.2,30.6,7067,7489,20
,,,,,,,,,,
Master,60,992,3.11,8.8,5.6,8.6,173.9,21263,11851,1033
,,,,,,,,,,
Master,62,177,2.28,8.7,6.5,6.2,186.6,21539,13184,288
,,,,,,,,,,
Master,56,99,3.87,1.6,3.8,13.1,30.6,5402,7131,7
,,,,,,,,,,
Master,59,434,2.6,7.4,5.7,7.5,183,19991,11916,320
,,,,,,,,,,
Master,57,232,3.39,10,5,7,183.6,20486,12370,360
,,,,,,,,,,
Master,56,214,3.57,7.1,4.3,8.2,195.5,17756,11959,215
,,,,,,,,,,
Master,60,40,2.56,9,6.5,7.7,210.1,23900,13269,52
,,,,,,,,,,
Master,56,125,1.8,6.1,5.6,4,182,18199,10962,75
,,,,,,,,,,
Master,51,386,2.43,6.7,5.2,5.8,185.3,16073,11259,352
,,,,,,,,,,
Master,57,178,3.65,4.5,3.8,9.4,174.8,13904,11039,63
,,,,,,,,,,
Master,51,155,3.09,6,4,6.5,170.8,17564,10456,64
,,,,,,,,,,
Master,56,305,3.47,8.6,4.2,5.9,215.7,17970,12958,472
,,,,,,,,,,
Master,51,153,2.73,5.9,4.1,5.4,202.2,16420,11556,98
,,,,,,,,,,
Master,64,88,4.24,4.5,2.6,6.7,184.5,16905,10992,22
,,,,,,,,,,
Master,54,121,2.71,1.7,5.8,14.1,35.4,6116,7415,5
,,,,,,,,,,
Master,53,122,2.82,2,6.1,15.2,29.5,7669,7426,7
,,,,,,,,,,
Master,54,264,2.96,8.8,5,5.8,184.6,19638,12378,370
,,,,,,,,,,
Master,58,428,2.2,5.4,5,5.6,175.1,18277,10771,267
,,,,,,,,,,
Master,59,123,2.69,6.7,4.5,5.5,176.6,16868,11438,44
,,,,,,,,,,
Master,62,121,2.64,7,4.7,5.4,199.1,18618,12079,122
,,,,,,,,,,
Master,53,15,3.24,10.6,5.2,6.3,180.5,23119,12788,12
,,,,,,,,,,
Master,54,335,2.02,6,4.8,3.7,205.6,17593,12260,229
,,,,,,,,,,
Master,62,133,3.36,2.8,5,13.9,21.6,9799,7976,21
,,,,,,,,,,
Master,52,82,2.83,8.9,5.1,5.5,172.7,18463,11989,100
,,,,,,,,,,
Master,58,74,3.25,9.4,4.7,6,157.8,18984,12269,81
,,,,,,,,,,
Master,53,74,1.88,4.4,5.4,5.7,160.6,14122,9857,32
,,,,,,,,,,
Master,55,262,3.18,3,4.3,10.6,140.5,10854,8996,39
,,,,,,,,,,
Master,63,127,3.25,8.3,4.8,7.2,223,24337,13398,160
,,,,,,,,,,
Master,63,57,3.6,1.6,4.2,13.6,17.4,7666,7609,6
,,,,,,,,,,
Master,62,84,3.65,11.7,4.6,4.9,159.3,24156,12176,141
,,,,,,,,,,
Master,55,368,2.48,5.5,4.5,5.6,203.4,15392,11539,275
,,,,,,,,,,
Master,61,270,2.49,5.4,4.5,5.9,215.5,16548,11809,210
,,,,,,,,,,
Master,53,230,1.85,5.5,6.2,5.9,175.4,20273,11375,104
,,,,,,,,,,
Master,63,103,3.6,1.8,5.4,17.8,15.3,6615,7971,14
,,,,,,,,,,
Master,60,57,2.63,8,5.2,5.7,176.5,21925,11834,56
,,,,,,,,,,
Master,52,102,2.19,7.4,6.2,6.3,196.2,18315,11709,108
,,,,,,,,,,
Master,55,89,2.88,8.1,5.4,7.3,193.9,19313,12316,71
,,,,,,,,,,
Master,53,173,2,6.5,5.6,4.8,202.3,18038,11882,139
,,,,,,,,,,
Master,57,21,3.1,10.1,5.6,7.2,156.5,20948,12308,31
,,,,,,,,,,
Master,59,268,3,2.4,5.6,14.4,34.7,8016,7913,17
,,,,,,,,,,
Unranked,65,66,3.54,2.6,4.9,14.7,24,9509,8239,13
,,,,,,,,,,
Unranked,50,8,2.78,12.9,6.8,5.9,173.1,26419,13447,26
,,,,,,,,,,
Master,71,31,3.63,5.4,4.2,10,170.8,17999,11333,18
,,,,,,,,,,
Master,63,71,3.36,7,5.2,10.4,137,15806,11027,48
,,,,,,,,,,
Master,64,70,2.64,6.6,5,6.6,174.1,19728,11468,37
,,,,,,,,,,
Master,63,195,2.67,7.9,5.2,6.1,178.8,22929,11905,182
,,,,,,,,,,
Master,51,1374,2.55,5.3,4.9,7.2,208.8,22709,12642,627
,,,,,,,,,,
Master,55,38,3.61,7.7,4.4,8.2,192.1,20531,12374,39
,,,,,,,,,,
Master,63,64,4.47,9.3,3.8,7.9,221.2,22515,15420,67
,,,,,,,,,,
Master,56,614,3.21,7.8,4.7,7.2,164.7,19702,11988,635
,,,,,,,,,,
Master,58,64,3.38,1.6,4.6,14,35.3,6282,7509,1
,,,,,,,,,,
Master,43,42,2.3,7.2,5.7,6,188.2,16178,11306,50
,,,,,,,,,,
Master,60,74,4.59,2.5,3.7,14.5,24,10071,8005,10
,,,,,,,,,,
Master,57,496,3.7,10.4,4.5,6.2,142.4,22356,11744,535
,,,,,,,,,,
Master,59,117,3.21,10.1,4.8,5.1,211.3,22833,13561,182
,,,,,,,,,,
Master,52,613,3.48,6.2,3.9,7.3,183,16810,11078,420
,,,,,,,,,,
Master,56,59,1.92,8.8,6.9,4.6,210.5,22124,13292,98
,,,,,,,,,,
Master,62,110,3.03,6.9,4.6,6.9,154.8,15985,10503,95
,,,,,,,,,,
Master,58,96,2.6,7.7,5.1,5.4,204.8,17332,11987,130
,,,,,,,,,,
Master,55,651,2.93,7.6,5,6.9,174.7,18904,11468,594
,,,,,,,,,,
Master,54,396,2.48,5.6,4.3,5,205,15780,12069,229
,,,,,,,,,,
Master,66,35,3.4,4.6,3.8,8.5,169.3,13157,10643,9
,,,,,,,,,,
Master,52,113,3.3,2.3,5.6,16.1,14.5,8199,8023,18
,,,,,,,,,,
Master,57,115,2.92,7.8,5.4,8.1,163.4,18340,11959,127
,,,,,,,,,,
Master,66,84,4.04,6.5,3.8,8.7,155.7,13599,11162,48
,,,,,,,,,,
Master,56,55,2.76,5.3,4.1,6.2,184.8,15924,11107,32
,,,,,,,,,,
Master,58,24,2.61,8.9,5.2,4.7,214.5,20847,13222,34
,,,,,,,,,,
Master,60,233,4.2,9.4,3.7,6,174.2,18529,12047,335
,,,,,,,,,,
Master,51,80,3.05,6.4,4.7,7.9,207,19759,11817,86
,,,,,,,,,,
Master,53,193,2.15,6.5,7.2,9.1,34.3,10354,10554,154
,,,,,,,,,,
Master,54,371,3.18,2.7,6,16.2,12.8,11454,8044,32
,,,,,,,,,,
Master,71,49,3.2,9.6,5.3,7.5,148.5,17421,11778,45
,,,,,,,,,,
Master,58,90,2.3,7.8,6.1,6.2,182.9,19265,12054,76
,,,,,,,,,,
Unranked,63,94,3.82,4.6,3.8,9.9,176.3,15976,10670,23
,,,,,,,,,,
Master,59,56,2.32,7,7,9.2,39.5,10255,10937,54
,,,,,,,,,,
Unranked,59,155,2.82,6.8,5.4,8.3,181.3,16795,11460,151
,,,,,,,,,,
Master,56,1161,2.41,8.5,6.5,7.1,130.4,18117,11166,923
,,,,,,,,,,
Master,68,62,4.21,3,4.7,16.8,13.6,11710,8433,3
,,,,,,,,,,
Master,48,195,2.47,7.4,5.8,6.8,134.5,15329,10471,159
,,,,,,,,,,
Master,56,838,2.82,2.7,6.3,15.1,14.4,9097,8249,112
,,,,,,,,,,
Unranked,54,48,2.98,9.3,5.7,7.6,180.4,21926,12447,84
,,,,,,,,,,
Unranked,50,26,3.01,2.5,4.9,12.3,32.3,7392,7391,0
,,,,,,,,,,
Unranked,57,192,2,6.1,5.5,5.1,160.3,22533,10687,89
,,,,,,,,,,
Master,51,917,3.26,7.4,4.6,7.5,186.8,16775,11623,999
,,,,,,,,,,
Master,52,63,2.28,5.6,4.8,5.4,201.9,17153,11103,32
,,,,,,,,,,
Master,61,178,4.04,4.3,4.6,14.1,146.3,11944,10115,40
,,,,,,,,,,
Master,68,57,3.22,8.9,5,7.2,163.7,18923,12127,72
,,,,,,,,,,
Master,56,71,3.36,6.1,3.9,7.1,161.2,13274,10385,60
,,,,,,,,,,
Master,62,37,3.3,7.7,4.7,7.7,151.5,19832,10942,26
,,,,,,,,,,
Master,53,73,2.91,7.1,5.3,8.2,164.9,18607,11355,62
,,,,,,,,,,
Master,67,45,2.46,7.6,5.4,5.5,190.1,21940,12518,38
,,,,,,,,,,
Master,52,964,2.54,5.9,5.7,8.4,39.3,8883,9837,698
,,,,,,,,,,
Master,64,81,2.2,9.7,6.5,4.6,201.4,23230,13107,123
,,,,,,,,,,
Master,60,169,3.26,2.2,4.9,13.6,20.6,8514,7494,13
,,,,,,,,,,
Master,63,72,3.81,1.6,4.6,15.9,30.2,5980,7642,0
,,,,,,,,,,
Master,58,50,2.93,4.9,6.6,14.5,41.5,18715,10466,17
,,,,,,,,,,
Master,60,244,3.34,3.4,4.5,11.5,128.9,11852,9648,74
,,,,,,,,,,
Master,66,93,2.41,5,4.6,6.1,176.1,12714,10594,49
,,,,,,,,,,
Master,59,263,2.79,8.9,5.6,6.6,174.3,21518,11846,339
,,,,,,,,,,
Unranked,55,40,2.63,8.4,5.9,7.1,191.9,19530,11853,44
,,,,,,,,,,
Master,59,106,2.46,1.8,6.2,13.5,34.5,6675,7346,4
,,,,,,,,,,
Master,91,22,5.88,11.3,3.4,8.8,168.3,21602,13053,40
,,,,,,,,,,
Master,62,66,2.62,1.7,5.8,13.6,28.9,6402,7195,3
,,,,,,,,,,
Master,56,207,3.38,6.9,4.5,8.4,191.8,17949,11856,191
,,,,,,,,,,
Master,51,409,2.31,6.4,6.3,8.1,43.4,9398,10381,286
,,,,,,,,,,
Master,58,140,2.91,7.5,4.3,5,195,16492,11896,128
,,,,,,,,,,
Unranked,58,532,2.97,7.8,4.6,6,199.6,20598,11961,591
,,,,,,,,,,
Master,60,116,1.91,5.4,6.4,6.7,172.5,23036,11079,54
,,,,,,,,,,
Unranked,50,112,2.39,2.3,5.9,11.7,38.9,10878,7762,5
,,,,,,,,,,
Unranked,71,49,4.37,10.7,3.9,6.1,164.9,20667,12223,82
,,,,,,,,,,
Master,54,524,3.53,8.5,4.1,6,173,18113,11866,564
,,,,,,,,,,
Master,61,31,3.82,1.5,4.7,16.6,13.7,5320,7626,2
,,,,,,,,,,
Master,53,348,2.41,9,6.5,6.7,130.7,18504,10890,349
,,,,,,,,,,
Master,58,222,2.11,6.8,6.1,6,197.1,19034,11693,280
,,,,,,,,,,
Unranked,42,31,3.1,8.8,5.3,7.6,129.2,16808,10846,27
,,,,,,,,,,
Master,56,63,2.05,7.6,6.7,6.1,201.6,22705,12587,83
,,,,,,,,,,
Master,56,382,3.02,8.9,5.3,7,172,21312,12251,519
,,,,,,,,,,
Master,58,105,4.47,7.7,3.4,7.3,181.5,15318,11900,119
,,,,,,,,,,
Master,55,49,2.42,3.8,5.3,9.1,144.8,14930,9447,13
,,,,,,,,,,
Master,62,135,2.26,6.8,5.3,5.2,179,16220,11181,178
,,,,,,,,,,
Master,66,61,3.24,8.2,4.5,6.3,200.9,17773,12052,89
,,,,,,,,,,
Master,64,44,2.95,7.2,5,7.5,164.3,19184,11761,28
,,,,,,,,,,
Master,53,47,2.48,9.8,6.3,5.8,193.1,26805,12918,80
,,,,,,,,,,
Master,54,327,2.72,2.3,5.5,12.7,41.1,9200,8149,45
,,,,,,,,,,
Unranked,50,125,2.08,6.1,5.8,6.1,156.3,18905,10357,77
,,,,,,,,,,
Master,58,123,3.8,1.3,4,13.8,16.5,6521,7362,4
,,,,,,,,,,
Master,55,263,2.52,4.2,3.9,5.5,182.9,14599,10588,98
,,,,,,,,,,
Master,74,34,5.17,2.1,3.6,16.6,15,7871,8167,4
,,,,,,,,,,
Master,63,294,2.51,4.3,6.5,12.1,50.1,21367,9782,93
,,,,,,,,,,
Unranked,53,161,2.25,6.1,4.3,3.6,200.8,16571,11850,122
,,,,,,,,,,
Unranked,56,106,3.75,9.3,4.6,8.1,180.3,19360,12470,145
,,,,,,,,,,
Master,56,32,1.81,6.3,6.1,4.7,159.2,20086,10598,21
,,,,,,,,,,
Master,59,34,3.52,10.1,4.9,7.1,124.3,17064,11072,38
,,,,,,,,,,
Master,60,89,3.05,8.4,5.4,8.1,141.8,18770,11516,76
,,,,,,,,,,
Master,58,154,2.9,12.6,5.9,4.6,174.2,21647,13408,553
,,,,,,,,,,
Master,55,401,2.62,8,5.5,6.5,150.7,16578,11028,382
,,,,,,,,,,
Master,63,19,3.67,2.1,5,16.3,32,5918,7656,0
,,,,,,,,,,
Master,57,162,2.15,7.4,5.9,5.4,205.1,18196,12467,184
,,,,,,,,,,
Master,54,574,3.27,0.8,4.4,13.7,12.9,4181,6958,13
,,,,,,,,,,
Master,55,67,3.98,2,4.2,14.7,17.9,7773,7683,3
,,,,,,,,,,
Master,65,68,5.1,5.1,3.8,14.3,140.1,12025,10954,25
,,,,,,,,,,
Master,73,11,3.17,9.2,4.8,6.1,141.5,19895,10406,12
,,,,,,,,,,
Unranked,49,102,3.19,6.8,4.6,8,192.5,16353,11753,101
,,,,,,,,,,
Unranked,51,37,2.78,5.4,4.9,8.2,181.2,22210,10911,15
,,,,,,,,,,
Master,53,863,3.36,1.8,4.6,13.7,14.3,8256,7227,47
,,,,,,,,,,
Master,51,94,3.15,3.1,4.2,10.2,148.8,15907,9544,17
,,,,,,,,,,
Master,52,273,2.37,8.2,6,6,188.8,18860,11793,628
,,,,,,,,,,
Master,52,304,2.04,6.7,6.3,6.1,205.7,20747,11960,351
,,,,,,,,,,
Master,75,44,3.79,9.3,4.4,7.3,153.8,18240,11712,51
,,,,,,,,,,
Master,85,72,3.65,6.4,3.1,4.8,190.6,12329,10681,70
,,,,,,,,,,
Master,58,169,2.57,7.5,5,5.3,208.6,20196,12301,183
,,,,,,,,,,
Master,49,274,2.26,7.3,5.7,5.7,199.1,16486,11759,308
,,,,,,,,,,
Master,59,756,3.08,6.8,4.5,7,198,18906,11793,491
,,,,,,,,,,
Master,58,38,3.29,7.7,5.4,10.1,147.1,16531,11404,21
,,,,,,,,,,
Master,54,631,2.19,5.8,5.1,5.4,201.6,15234,11360,461
,,,,,,,,,,
Unranked,54,794,2.9,7.9,5.4,7.9,147.8,14768,11477,553
,,,,,,,,,,
Master,61,33,3.58,7.8,4.8,9.2,191.1,17223,12209,38
,,,,,,,,,,
Master,57,684,1.87,6.6,6.3,5.2,207.3,26621,12636,390
,,,,,,,,,,
Master,56,227,2.06,7.9,6.2,4.9,164,18723,10980,176
,,,,,,,,,,
Master,56,43,2.66,9.1,6.1,7.2,203.6,21753,12982,66
,,,,,,,,,,
Master,48,146,2.13,5.8,4.8,4.5,183.2,17195,11253,97
,,,,,,,,,,
Master,66,47,3.95,9.7,4.1,6.7,148.7,21393,11273,35
,,,,,,,,,,
Master,62,271,2.83,9.1,6.1,8,162.1,23788,11448,273
,,,,,,,,,,
Master,62,118,3.67,6.2,4.1,8.9,204.6,17695,11883,99
,,,,,,,,,,
Master,65,37,2.74,9.3,5.5,5.7,200.8,20264,13150,64
,,,,,,,,,,
Master,53,124,1.77,10,9,6,175.5,25292,12439,124
,,,,,,,,,,
Master,52,277,3.02,7.4,4.7,6.9,166.9,19806,10921,227
,,,,,,,,,,
Master,54,702,3.36,4.3,3.8,8.5,164.7,14332,10113,197
,,,,,,,,,,
Master,57,65,1.87,6.6,5.8,4.3,153.7,17304,10397,48
,,,,,,,,,,
Master,58,368,2.22,6.9,5.4,5.2,185.4,19661,11746,318
,,,,,,,,,,
Master,55,534,2.5,7.6,5.3,5.7,187.6,18498,12640,689
,,,,,,,,,,
Unranked,58,40,2.55,1.6,6.3,14.6,34.4,6405,7362,2
,,,,,,,,,,
Unranked,54,579,4.68,5.1,3.6,11.5,151.4,13052,10708,144
,,,,,,,,,,
Master,53,438,2.62,7.8,5.5,6.7,199.7,19293,12610,476
,,,,,,,,,,
Master,58,38,3.95,2.2,4,13.7,32.4,5699,7626,1
,,,,,,,,,,
Master,63,93,2.15,9,7.1,6.2,160.3,20928,11483,104
,,,,,,,,,,
Master,58,522,2.7,7,5.5,7.8,216.5,21213,12620,699
,,,,,,,,,,
Master,55,179,3.01,7.3,4.7,6.9,160.7,16020,11539,192
,,,,,,,,,,
Unranked,61,140,2.68,6.5,4.7,6.1,180.9,17337,11408,79
,,,,,,,,,,
Unranked,56,63,1.96,6.5,5.7,4.6,198.5,15659,11395,62
,,,,,,,,,,
Master,48,141,1.96,6.5,5.5,4.3,187.1,19309,11396,114
,,,,,,,,,,
Master,65,157,2.43,9.5,6.2,5.6,193.6,25081,13071,217
,,,,,,,,,,
Unranked,71,24,2.91,7.3,5.4,8.3,193.1,20415,11740,34
,,,,,,,,,,
Master,57,696,2.67,7,4.9,6,173.6,20268,11756,494
,,,,,,,,,,
Unranked,60,452,3.66,3.8,4.2,11.6,155.3,12503,9829,158
,,,,,,,,,,
Master,79,58,4.87,15.4,4.3,5.6,210.6,30077,15215,168
,,,,,,,,,,
Master,57,249,2.54,7.1,5,5.5,212.3,19115,13163,261
,,,,,,,,,,
Unranked,80,60,3.95,9.7,4.6,8.5,158.1,18440,12326,74
,,,,,,,,,,
Master,57,543,3.76,4.1,3.8,10.2,171.3,15305,10422,152
,,,,,,,,,,
Unranked,62,34,4.3,13.7,4.8,7,190.4,24027,14311,79
,,,,,,,,,,
Master,56,168,1.97,9.1,7.5,5.8,171.8,22404,12322,189
,,,,,,,,,,
Master,48,228,2.02,5.8,5.4,5.2,211.1,21239,12101,157
,,,,,,,,,,
Master,53,34,2.38,8.1,5.1,4,215.8,18166,13380,40
,,,,,,,,,,
Unranked,61,75,2.38,6.1,4.5,4.5,187.1,14508,11526,52
,,,,,,,,,,
Master,57,426,4.23,2.8,4.3,15.6,31.7,12439,8743,49
,,,,,,,,,,
Master,70,92,4.13,11.9,4.4,6.4,167.9,23225,12549,126
,,,,,,,,,,
Unranked,50,114,3.19,1.8,4.6,12.7,35.1,5783,7391,8
,,,,,,,,,,
Unranked,54,93,3.61,1.9,4.6,14.6,15,8316,7753,4
,,,,,,,,,,
Master,55,226,4.6,1,3.9,16.9,5.4,6231,7378,3
,,,,,,,,,,
Master,56,250,3.51,8,4.1,6.4,174.4,21512,11361,164
,,,,,,,,,,
Unranked,60,255,2.61,6.6,4.5,5.2,201.2,18197,12582,197
,,,,,,,,,,
Unranked,59,397,2.95,3.4,4.8,10.6,37.9,16506,8721,89
,,,,,,,,,,
Unranked,56,863,2.9,7.4,4.9,6.8,202.6,19126,12398,719
,,,,,,,,,,
Unranked,61,70,2.33,5.6,4.9,5.8,172.2,17252,10586,31
,,,,,,,,,,
Master,58,100,2.76,11.6,6.2,5.7,195,26508,13559,157
,,,,,,,,,,
Unranked,49,59,2.91,10.8,5.8,6.2,204.9,25519,13923,142
,,,,,,,,,,
Master,56,162,5.2,4.5,3.2,12.3,134.8,12465,10290,50
,,,,,,,,,,
Diamond 1,61,104,2.85,7.2,6.4,10.9,40.7,26345,10527,89
,,,,,,,,,,
Unranked,56,70,4.15,8.3,4,8.4,180.9,18926,12261,79
,,,,,,,,,,
Unranked,58,111,2.32,7.1,5.6,5.9,189.1,19303,12700,125
,,,,,,,,,,
Diamond 1,61,70,5.77,2.2,3.3,16.8,7.1,9719,7773,7
,,,,,,,,,,
Diamond 1,56,79,3.17,10.1,4.8,5.1,185.3,22723,12711,89
,,,,,,,,,,
Diamond 1,59,168,3.28,8.4,5.1,8.4,199.8,27881,12773,154
,,,,,,,,,,
Diamond 1,40,75,2.39,5.3,4.9,6.4,204,21454,12457,37
,,,,,,,,,,
Diamond 1,58,156,3.43,8.6,5.2,9.3,170.7,21041,12049,213
,,,,,,,,,,
Unranked,53,51,2.36,8,7.7,10.1,153.9,29611,11719,28
,,,,,,,,,,
Unranked,86,22,4.71,11,3.9,7.4,173.6,22921,12638,27
,,,,,,,,,,
Diamond 1,60,404,5.27,2,3.6,17.1,7.5,11242,7950,30
,,,,,,,,,,
Unranked,58,104,3.39,10.3,5,6.8,154.8,18461,12141,107
,,,,,,,,,,
Diamond 1,56,256,2.71,8,5.8,7.7,151.7,18722,11377,246
,,,,,,,,,,
Unranked,54,585,2.41,6.9,5.3,5.8,202.1,19924,11816,532
,,,,,,,,,,
Diamond 1,57,235,2.94,5.9,4.5,7.4,184.5,19027,11560,143
,,,,,,,,,,
Diamond 1,62,39,2.65,8.9,5.8,6.5,155,18205,11757,72
,,,,,,,,,,
Diamond 2,54,281,2.57,5.6,4.9,7,163,16094,11025,210
,,,,,,,,,,
Diamond 2,52,1057,2.3,5.7,4.3,4.3,232.3,16828,13140,588
,,,,,,,,,,
Unranked,64,80,3.11,5.3,4.8,9.6,186.4,15876,11881,28
,,,,,,,,,,
Diamond 2,61,97,2.68,6.6,4.8,6.2,201.4,20017,12359,57
,,,,,,,,,,
Unranked,55,520,2.91,8.2,4.8,5.7,197.6,23560,12291,735
,,,,,,,,,,
Diamond 2,58,24,2.79,8.9,5.6,6.7,230.3,21390,13801,30
,,,,,,,,,,
Diamond 2,55,147,2.1,8.8,7.1,6.1,196.8,24954,13631,233
,,,,,,,,,,
Diamond 2,55,572,2.25,8.5,6.2,5.3,187.2,21170,13049,823
,,,,,,,,,,
Diamond 2,59,341,4.56,9.2,3.8,8.1,217.7,20034,13569,558
,,,,,,,,,,
Unranked,56,18,2.4,7,4.8,4.4,215.2,18754,12346,18
,,,,,,,,,,
Diamond 3,52,515,3,5.7,5,9.2,170.3,20361,10715,355
,,,,,,,,,,
Diamond 2,54,102,2.56,8.2,5.5,5.9,177.6,19533,11494,130
,,,,,,,,,,
Diamond 2,61,185,4.48,8.1,3.9,9.3,192.9,18015,12423,211
,,,,,,,,,,
Diamond 3,62,85,2.58,4.2,4.8,8.2,175.4,15341,10598,17
,,,,,,,,,,
Diamond 3,45,31,3.57,6.8,4,7.6,205.2,24335,12373,32
,,,,,,,,,,
Unranked,42,38,2.18,1.6,6.2,11.9,30.3,6183,6917,0
,,,,,,,,,,
Unranked,62,138,3.32,6.9,3.9,5.9,211.6,18184,12250,140
,,,,,,,,,,
Unranked,57,557,3.96,7.7,4.4,9.7,155.5,19936,11593,328
,,,,,,,,,,
Diamond 3,58,52,3.93,10,4.1,6.1,145.4,17388,11759,49
,,,,,,,,,,
Diamond 3,52,66,2.8,9.7,5.8,6.7,188.9,24519,12552,112
,,,,,,,,,,
Diamond 3,50,152,3.02,7.3,5,7.7,202.6,17900,12122,173
,,,,,,,,,,
Diamond 3,52,321,3.21,2.1,4.8,13.4,36.4,6549,7581,21
,,,,,,,,,,
Diamond 3,58,177,2.18,8.2,6.2,5.2,188.2,20857,12450,173
,,,,,,,,,,
Diamond 3,53,325,2.01,8.3,6.4,4.7,223.7,20859,13416,362
,,,,,,,,,,
Diamond 3,33,12,2.33,7.4,7,8.9,163.7,20965,11882,5
,,,,,,,,,,
Diamond 3,60,235,3.67,10,4.4,6.3,199.4,21349,13068,397
,,,,,,,,,,
Diamond 3,59,41,2.59,8.4,6,7.2,149.7,21762,11329,45
,,,,,,,,,,
Diamond 3,59,81,3.16,2.6,4.7,12.4,70,13678,8784,11
,,,,,,,,,,
Unranked,56,183,2.71,6.2,4.9,7.2,186.1,17534,11292,178
,,,,,,,,,,
Diamond 3,51,95,2.97,8.1,5.8,9.1,179.5,21474,12325,91
,,,,,,,,,,
Diamond 3,55,139,2.99,7.3,4.5,6,197.7,20023,12546,85
,,,,,,,,,,
Unranked,60,146,2.88,8.2,4.9,5.9,222.2,19259,13307,186
,,,,,,,,,,
Diamond 3,58,248,2.56,6.1,5.1,6.8,164.1,19520,11368,153
,,,,,,,,,,
Diamond 4,64,61,5.82,2.4,3.5,17.7,4.7,10490,8445,4
,,,,,,,,,,
Diamond 4,62,21,3.99,7.3,4.2,9.4,189.4,22279,11552,19
,,,,,,,,,,
Unranked,57,37,2.07,7.4,6.2,5.4,206.6,18221,12417,41
,,,,,,,,,,
Diamond 4,50,175,2.29,7.6,6.9,8.3,45.2,11997,11293,178
,,,,,,,,,,
Diamond 4,61,84,3.56,8,3.6,4.8,199,18522,12287,95
,,,,,,,,,,
Diamond 4,63,152,2.98,11.2,5.9,6.4,189.5,27133,13453,236
,,,,,,,,,,
Diamond 4,52,105,2.22,8.6,6.7,6.3,189.1,20957,12644,183
,,,,,,,,,,
Diamond 4,56,127,3.45,1.4,4.4,13.8,17,5585,7393,6
,,,,,,,,,,
Diamond 4,50,48,3,3.4,5.4,12.8,20,11496,7981,5
,,,,,,,,,,
Diamond 4,64,11,2.78,7.2,5.4,7.7,175.5,19432,11897,10
,,,,,,,,,,
Diamond 4,65,48,3.82,8,4,7.2,202.3,25923,12387,67
,,,,,,,,,,
Diamond 4,55,299,2.59,7.9,6,7.7,180.6,20562,12475,320
,,,,,,,,,,
Diamond 4,51,912,2.11,6,5.2,4.9,173.6,14930,11078,444
,,,,,,,,,,
Unranked,60,42,1.88,8.3,6.1,3.2,208.5,20502,13024,83
,,,,,,,,,,
Diamond 4,51,87,5.08,1.9,3.7,16.7,6.3,9507,7852,9
,,,,,,,,,,
Diamond 4,53,150,1.85,5.7,5.5,4.5,185.4,15596,10940,120
,,,,,,,,,,
Diamond 4,54,159,3.32,8.8,4.7,6.9,174.4,19891,12221,155
,,,,,,,,,,
Diamond 4,48,23,2.67,5.5,4,5.3,156.5,14116,9630,9
,,,,,,,,,,
Unranked,58,43,3.89,4.1,3.8,10.8,140.3,12353,9575,13
,,,,,,,,,,
Diamond 4,62,156,2.71,7,5.5,8,198.7,21663,12258,108
,,,,,,,,,,
Diamond 4,59,262,2.4,7.7,5.9,6.5,182.1,18635,12195,275
,,,,,,,,,,
Diamond 4,53,398,2.67,7.4,5,6.1,172.5,19134,11215,298
,,,,,,,,,,
Diamond 4,46,41,3.66,4.3,4,10.4,134,10456,9658,6
,,,,,,,,,,
Diamond 4,63,32,2.54,11,6.8,6.1,203.3,23559,13913,68
,,,,,,,,,,
Diamond 4,59,34,3.5,11.1,5.5,8.2,203.1,24978,13691,58
,,,,,,,,,,
Diamond 4,55,20,3.46,7.8,4.5,7.6,200.9,25962,12486,21
,,,,,,,,,,
Unranked,53,119,2.96,6.7,5.7,10.3,184.5,18545,12082,99
,,,,,,,,,,
Unranked,70,23,4.69,2.1,3.6,14.8,33.4,7130,8017,2
,,,,,,,,,,
Diamond 4,61,59,2.78,6.6,5.4,8.4,149.4,17154,11099,34
,,,,,,,,,,
Unranked,57,186,3.42,9,4.5,6.4,172.8,19326,12475,223
,,,,,,,,,,
Diamond 4,60,35,3.56,11.9,4.9,5.5,198.4,24880,13357,65
,,,,,,,,,,
Diamond 4,55,22,3.36,3.9,5.9,15.8,37.5,12884,9330,10
,,,,,,,,,,
Diamond 4,53,68,2.74,7.9,4.9,5.4,220.9,20954,12824,100
,,,,,,,,,,
Diamond 4,55,229,3.23,6.1,4.1,7.2,188.4,18184,11517,124
,,,,,,,,,,
Diamond 4,64,28,2.93,3.4,5.5,12.8,54.5,13981,9052,4
,,,,,,,,,,
Diamond 4,58,215,3.13,6.8,4.2,6.4,225.5,21682,12779,183
,,,,,,,,,,
Diamond 4,66,95,3.6,9.5,4.8,7.8,159.1,21649,11936,98
,,,,,,,,,,
Diamond 4,73,81,2.99,10.9,6.2,7.5,177.7,20987,13412,110
,,,,,,,,,,
Unranked,51,96,2.24,6.2,5.3,5.6,182.4,16301,11249,67
,,,,,,,,,,
Diamond 4,61,89,2.35,8.1,6.7,7.6,197.3,22531,12664,120
,,,,,,,,,,
Diamond 4,61,85,2.58,8.6,7,9.4,40.2,12913,11929,100
,,,,,,,,,,
Diamond 4,60,132,4.62,2.4,3.9,15.5,124.6,7853,9369,18
,,,,,,,,,,
Diamond 4,55,65,2.42,9,6.1,5.7,219,21833,13759,93
,,,,,,,,,,
Diamond 4,57,359,2.26,8.1,6.2,5.8,214.8,24372,12991,384
,,,,,,,,,,
Diamond 4,58,62,3.35,3.8,4.7,11.9,38.6,16784,8922,13
,,,,,,,,,,
Diamond 4,58,96,2.21,5.1,5,6,172.6,14641,10903,51
,,,,,,,,,,
Platinum 1,64,69,2.71,10.3,5.9,5.7,180.7,22489,12634,130
,,,,,,,,,,
Platinum 1,62,21,3.42,13.2,5.7,6.1,168.2,29807,13211,56
,,,,,,,,,,
Platinum 1,54,388,4.15,3.4,4,13,135,9319,10082,67
,,,,,,,,,,
Unranked,55,131,3.14,9.9,5.6,7.6,207.8,29969,13780,241
,,,,,,,,,,
Diamond 4,50,94,2.76,10.6,6.2,6.5,186.9,24381,13702,206
,,,,,,,,,,
Diamond 4,68,41,2.6,11.4,6.4,5.1,193.5,23637,14380,95
,,,,,,,,,,
Diamond 4,69,36,2.91,13.3,8.4,11.2,185.6,38493,14447,94
,,,,,,,,,,
Diamond 4,53,55,3.5,7.3,4.4,8.1,189,18413,11955,54
,,,,,,,,,,
Platinum 1,65,65,4.92,2.5,3.7,15.5,30.4,9952,8206,3
,,,,,,,,,,
Unranked,48,62,2.77,9.2,5.7,6.5,228,22883,13943,94
,,,,,,,,,,
Unranked,52,31,2.57,4.2,5.1,8.8,134.7,22685,10051,11
,,,,,,,,,,
Diamond 4,58,95,3,7.9,5.4,8.4,165.5,19038,11740,83
,,,,,,,,,,
Diamond 4,65,23,2.42,6.6,5.4,6.6,218.5,21383,12991,19
,,,,,,,,,,
Diamond 4,57,28,1.99,6.4,5.9,5.4,184.9,17517,11930,20
,,,,,,,,,,
Platinum 1,68,22,2.83,10.8,6.6,7.8,149.4,23150,11823,21
,,,,,,,,,,
Unranked,54,185,2.4,4.6,5.1,7.7,179.2,14313,10688,61
,,,,,,,,,,
Diamond 4,61,189,2.06,10.2,7.1,4.4,220.9,25067,14147,308
,,,,,,,,,,
Diamond 4,57,110,2.23,8,6.3,6,178.5,24606,12842,94
,,,,,,,,,,
Diamond 4,50,68,2.55,6.5,4.9,6,151.5,19742,10198,32
,,,,,,,,,,
Unranked,63,72,4.88,1.8,3.5,15.2,6.6,7756,7600,2
,,,,,,,,,,
Diamond 4,50,40,2.43,5.6,5.3,7.3,196.4,17333,11481,24
,,,,,,,,,,
Diamond 4,54,26,3.44,2,3.7,10.6,28.6,5957,6664,0
,,,,,,,,,,
Platinum 1,61,124,2.81,7.3,5.3,7.7,129.6,16523,10740,96
,,,,,,,,,,
Unranked,60,52,3.66,9.4,4.1,5.6,220.3,22001,14559,103
,,,,,,,,,,
Unranked,72,61,4.43,2.6,3.9,14.6,39.1,11638,8761,11
,,,,,,,,,,
Unranked,59,137,2.83,8.5,5.2,6.4,203.1,19464,12624,183
,,,,,,,,,,
Unranked,56,45,4.62,6.3,3.1,8.1,191.5,17747,11989,24
,,,,,,,,,,
Unranked,60,235,3.01,6.8,4.6,7,154.9,13580,10821,133
,,,,,,,,,,
Unranked,52,21,4.6,7.9,3.4,7.9,147.6,16474,11111,16
,,,,,,,,,,
Unranked,40,88,1.68,5.1,6.8,6.3,177.3,21875,11448,47
,,,,,,,,,,
Unranked,66,79,3.53,7.6,3.7,5.6,194.2,20958,11738,96
,,,,,,,,,,
Unranked,50,10,2.67,6.6,5.2,7.3,208.1,22232,13350,6
,,,,,,,,,,
Unranked,57,84,3.1,6.4,4.5,7.7,196.9,19547,11484,63
,,,,,,,,,,
Platinum 1,57,102,1.82,7,6.7,5.2,198.1,19833,12448,89
,,,,,,,,,,
Unranked,61,118,2.26,10.4,6.7,4.8,186.5,24202,13305,265
,,,,,,,,,,
Unranked,55,58,2,6.5,6.4,6.4,156.1,18619,10391,31
,,,,,,,,,,
Platinum 1,49,57,1.94,8.8,7.8,6.4,141.1,20486,11384,66
,,,,,,,,,,
Platinum 1,60,60,6.67,5.8,2.6,11.2,165.9,14496,10911,31
,,,,,,,,,,
Platinum 1,59,160,2.04,8.5,7,5.7,199.7,20981,12868,274
,,,,,,,,,,
Platinum 1,60,20,2.73,1.4,6.2,15.6,29.6,6108,7489,0
,,,,,,,,,,
Unranked,53,138,2.88,4.1,5.2,10.9,126,11307,9520,32
,,,,,,,,,,
Platinum 1,57,90,3.67,4.5,4,10.2,54.4,20600,9375,18
,,,,,,,,,,
Unranked,80,15,3.11,8.5,4.9,6.6,177.9,18999,11585,16
,,,,,,,,,,
Unranked,74,31,3.35,9,5.2,8.4,191.3,24694,12670,60
,,,,,,,,,,
Unranked,56,18,1.92,5.8,5.1,4,227.8,17574,12755,13
,,,,,,,,,,
Unranked,54,388,2.66,7.8,5.8,7.7,158,23183,11541,263
,,,,,,,,,,
Platinum 1,55,40,2.89,8.3,5.9,8.7,208.7,22951,12909,71
,,,,,,,,,,
Unranked,54,13,1.69,8,8.6,6.5,162.7,20902,11572,7
,,,,,,,,,,
Unranked,70,66,3.33,2,5.2,15.3,23.6,10651,8071,3
,,,,,,,,,,
Unranked,36,14,2.13,5.2,6.9,9.4,124.4,17442,10849,5
,,,,,,,,,,
Platinum 1,56,16,3.28,13.5,6.3,7.2,194.5,30151,14547,43
,,,,,,,,,,
Unranked,57,28,2.81,10.3,6.1,6.8,165.9,22263,12408,33
,,,,,,,,,,
Unranked,38,21,2.17,5.3,5.3,6.2,180.6,15302,10483,14
,,,,,,,,,,
Unranked,56,45,2.23,11.3,7.7,5.9,144.5,24395,11721,69
,,,,,,,,,,
Platinum 1,52,204,3.23,10.9,5.5,7,163.4,26448,12566,210
,,,,,,,,,,
Platinum 1,58,98,2.18,7,5.4,4.7,211.1,20376,12700,61
,,,,,,,,,,
Unranked,48,52,3.06,4.1,4.6,10,173.5,14411,9946,26
,,,,,,,,,,
Unranked,30,10,1.65,4.1,8,9.1,143.4,15204,9696,3
,,,,,,,,,,
Platinum 1,60,67,2.34,3.7,5.3,8.7,154.7,13029,9820,10
,,,,,,,,,,
Platinum 1,71,24,4.52,14.2,4.5,6.3,148.7,27567,12147,33
,,,,,,,,,,
Platinum 1,61,180,2.65,11,7.1,7.7,84.6,16170,12873,344
,,,,,,,,,,
Platinum 1,48,21,2.63,1.6,5.7,13.3,35.5,5714,7583,1
,,,,,,,,,,
Platinum 1,53,75,3.2,8.7,4.7,6.3,200.5,17847,12628,114
,,,,,,,,,,
Platinum 1,56,144,2.44,8.1,5.7,5.8,212,21514,13111,137
,,,,,,,,,,
Platinum 1,61,103,3.48,1.6,4.5,14.2,32.7,8185,7655,4
,,,,,,,,,,
Unranked,67,36,3.58,9.8,5.1,8.6,143,21100,11387,37
,,,,,,,,,,
Platinum 1,64,36,4.19,5.1,4.3,12.8,41.4,19322,9749,8
,,,,,,,,,,
Unranked,65,26,2.2,5.7,5.5,6.4,197.7,19339,11953,12
,,,,,,,,,,
Platinum 1,62,134,3.92,8.4,4.3,8.6,194.4,26322,12582,139
,,,,,,,,,,
Platinum 1,52,69,2.3,6.6,6.6,8.7,36.7,10555,11191,59
,,,,,,,,,,
Platinum 1,67,43,3.25,9.6,4.6,5.3,153.1,18435,11477,81
,,,,,,,,,,
Unranked,64,14,2.49,10.2,7.5,8.4,161.7,21754,11779,33
,,,,,,,,,,
Unranked,50,16,1.96,3.4,5.1,6.5,144.8,17315,9581,6
,,,,,,,,,,
Platinum 2,42,12,2.17,4.9,4.3,4.5,196.4,15540,10977,7
,,,,,,,,,,
Unranked,56,32,3.4,7,4.3,7.7,221.7,22546,12760,33
,,,,,,,,,,
Platinum 2,44,9,2.43,7,6.7,9.2,217.9,29056,13161,9
,,,,,,,,,,
Unranked,86,7,4.52,7.1,3,6.4,177.3,15937,10268,8
,,,,,,,,,,
Unranked,68,28,2.85,8.3,4.9,5.5,208.3,20957,12533,33
,,,,,,,,,,
Platinum 2,51,63,3.28,6,3.8,6.3,218.3,17599,12157,29
,,,,,,,,,,
Unranked,44,43,1.89,5.8,7,7.5,197.2,25480,11441,32
,,,,,,,,,,
Platinum 2,43,21,2.12,5.8,5.7,6.2,204.7,19292,11871,13
,,,,,,,,,,
Platinum 2,57,47,3.4,10.3,4.9,6.5,199.9,25168,13505,46
,,,,,,,,,,
Platinum 2,60,42,2.24,7.5,7.1,8.4,158.2,21243,11515,28
,,,,,,,,,,
Platinum 2,60,55,1.97,7.4,6.9,6.3,181.8,19553,12062,32
,,,,,,,,,,
Unranked,56,55,3.14,2.9,5,12.8,21.6,18806,8330,5
,,,,,,,,,,
Platinum 2,55,55,3.86,1.3,4.3,15.1,30.5,6349,7338,2
,,,,,,,,,,
Platinum 2,63,57,2.93,10.2,6.3,8.1,182.1,25919,12986,70
,,,,,,,,,,
Unranked,63,91,3.13,8.2,4.7,6.6,203.1,17171,12504,102
,,,,,,,,,,
Platinum 2,53,85,2.55,9.5,6,5.9,204.2,23376,13570,157
,,,,,,,,,,
Platinum 2,53,123,1.76,8.1,7.1,4.3,213.8,24653,13633,129
,,,,,,,,,,
Unranked,57,104,2.87,7.4,4.2,4.7,198.2,18729,12402,77
,,,,,,,,,,
Platinum 2,65,17,4.64,1.9,3.5,14.2,24.6,6359,7060,0
,,,,,,,,,,
Platinum 2,57,147,2.8,1.8,6,15,36.2,6978,7726,4
,,,,,,,,,,
Unranked,61,23,2.55,7.5,5.9,7.5,163.3,20528,11599,14
,,,,,,,,,,
Platinum 2,71,21,2.72,3.1,7.4,17,36,10329,9239,6
,,,,,,,,,,
Unranked,60,210,3.01,8.1,5.2,7.4,139.9,17317,11103,133
,,,,,,,,,,
Unranked,67,27,2.6,2,6.1,13.8,32.8,7682,7773,2
,,,,,,,,,,
Unranked,68,28,5.07,8.4,3.1,7.3,191.2,23623,12115,41
,,,,,,,,,,
Platinum 2,55,137,2.16,7.9,5.9,4.9,195.3,25431,12684,140
,,,,,,,,,,
Platinum 2,59,80,3.25,2.5,5.9,16.6,31.8,9199,8243,6
,,,,,,,,,,
Platinum 2,58,40,2.03,6.3,5.3,4.5,169.6,15819,10873,24
,,,,,,,,,,
Platinum 2,55,29,3.41,6.9,6.4,15.1,143.5,17590,12048,17
,,,,,,,,,,
Unranked,82,17,7.06,10.2,2.9,10.5,166.9,22084,11895,29
,,,,,,,,,,
Unranked,57,28,3.79,8.2,4.3,8.2,210.8,21601,13003,38
,,,,,,,,,,
Platinum 2,58,228,2.42,10.6,6.4,4.8,198.2,32043,13966,316
,,,,,,,,,,
Platinum 2,67,42,3.74,12.1,4.9,6.4,188,26146,14320,111
,,,,,,,,,,
Platinum 2,61,298,2.81,7.3,4.1,4.2,214.7,18508,12928,309
,,,,,,,,,,
Unranked,64,14,1.43,5.5,7.9,5.9,200.9,19154,11914,6
,,,,,,,,,,
Platinum 2,58,342,2.82,10.5,6.1,6.5,154.5,19401,12510,345
,,,,,,,,,,
Unranked,62,145,3.76,5.8,4.1,9.6,175.6,12746,11778,54
,,,,,,,,,,
Unranked,48,50,2.48,4.6,4,5.3,172.8,15541,10742,14
,,,,,,,,,,
Platinum 2,53,404,2.24,9.7,7,5.9,160.8,23629,12270,428
,,,,,,,,,,
Platinum 2,73,88,3.14,8.5,4.7,6.2,145,16984,11261,75
,,,,,,,,,,
Platinum 2,57,93,3.19,1.8,5.5,16,35.2,7542,8227,6
,,,,,,,,,,
Platinum 2,55,455,2.55,9.6,5.9,5.5,154.9,16960,11889,924
,,,,,,,,,,
Unranked,50,12,2.56,10.4,6.4,6,217.3,25216,14064,14
,,,,,,,,,,
Platinum 3,54,39,3.57,6.5,4.5,9.5,168.8,21309,11484,13
,,,,,,,,,,
Unranked,54,24,3.17,2.8,6.4,17.5,37.7,9905,8624,0
,,,,,,,,,,
Platinum 3,45,29,2.67,7.8,5.3,6.4,221.9,22870,13110,23
,,,,,,,,,,
Unranked,61,41,5.77,8.9,3,8.7,240,20710,14966,41
,,,,,,,,,,
Unranked,56,32,2.68,5.3,5.4,9.3,125,24617,9841,8
,,,,,,,,,,
Platinum 3,50,129,2.92,2.2,5,12.5,103.6,9518,8605,4
,,,,,,,,,,
Unranked,58,55,3.56,1.9,5.2,16.5,35.1,11997,7996,0
,,,,,,,,,,
Platinum 3,65,20,2.56,7.8,4.9,4.8,174.7,21906,11354,31
,,,,,,,,,,
Platinum 3,57,187,2.85,9.3,6.2,8.3,151.7,21318,12110,225
,,,,,,,,,,
Platinum 3,55,449,3.09,8,5.1,7.9,152.4,22608,11149,268
,,,,,,,,,,
Platinum 3,55,64,2.84,13.7,6.6,5.1,190.2,29802,13566,194
,,,,,,,,,,
Unranked,20,5,1.23,6.8,10.4,6,210.4,20909,12939,4
,,,,,,,,,,
Platinum 3,50,22,2.69,7,5.2,7.1,176.2,23850,11583,28
,,,,,,,,,,
Platinum 3,60,20,3.33,7.6,4.4,6.9,130.8,12127,10303,19
,,,,,,,,,,
Platinum 3,59,80,2.51,8.7,6.3,7.1,183.2,24690,12639,105
,,,,,,,,,,
Platinum 3,54,57,2.92,8.1,5.2,7.2,178.6,24350,11919,36
,,,,,,,,,,
Unranked,58,62,2.29,7.2,4.7,3.6,211.5,21410,12723,53
,,,,,,,,,,
Unranked,57,70,3.4,10.8,5,6.1,189,23065,13128,127
,,,,,,,,,,
Platinum 3,48,174,2.38,7.5,6.1,7,222.5,24250,12932,157
,,,,,,,,,,
Grandmaster,53,191,2.67,6.4,4.2,4.9,228.7,17280,12844,170
,,,,,,,,,,
Master,54,630,2.48,7.7,5.6,6.1,160.9,17283,11316,532
,,,,,,,,,,
Master,58,136,2.76,3.7,5,10.1,139.3,12175,9256,27
,,,,,,,,,,
Master,51,281,2.48,5.5,4.5,5.7,201.1,15124,11343,228
,,,,,,,,,,
Master,53,448,3.58,1.9,4.3,13.4,34.1,6114,7471,21
,,,,,,,,,,
Grandmaster,64,179,3.08,8.5,5.1,7,160.2,18058,11835,244
,,,,,,,,,,
Master,56,373,3.53,8.1,4.3,7,152.8,15103,11496,287
,,,,,,,,,,
Master,53,1396,2.97,4,5.4,12,55.7,16901,9726,469
,,,,,,,,,,
Master,58,338,2.57,7.3,4.8,5,190.5,16936,11598,297
,,,,,,,,,,
Unranked,51,182,2.38,6.1,4.4,4.4,172.7,18135,10575,132
,,,,,,,,,,
Master,48,56,2.34,1.8,6.1,12.4,33.6,6398,7049,0
,,,,,,,,,,
Master,61,772,3.7,9,4.1,6.3,214.2,17529,12727,1133
,,,,,,,,,,
Unranked,59,172,1.73,7.7,7.2,4.7,175.3,21517,11527,144
,,,,,,,,,,
Master,59,82,2.67,5.8,5.7,9.4,38.2,9425,10146,55
,,,,,,,,,,
Master,58,340,3.12,7.6,5.3,9,151.5,16229,11057,281
,,,,,,,,,,
Master,55,251,2.94,1.6,5.2,13.7,32.4,6627,7178,11
,,,,,,,,,,
Master,50,644,1.96,6.4,5.6,4.5,159.9,15354,10559,824
,,,,,,,,,,
Master,55,260,3.38,2.1,4.7,13.7,14.9,7511,7519,19
,,,,,,,,,,
Master,61,115,2.84,6.5,4.6,6.6,183.9,16225,11533,111
,,,,,,,,,,
Master,52,2502,2.17,5.1,4.7,5.1,178.7,15977,10555,1545
,,,,,,,,,,
Master,57,136,3.11,5.5,3.6,5.7,158.5,16782,10388,87
,,,,,,,,,,
Master,55,204,2.23,6.2,5.6,6.3,205.4,20313,11894,145
,,,,,,,,,,
Master,58,208,2.87,6,4.2,6.1,230.7,16961,12096,133
,,,,,,,,,,
Master,52,1693,1.67,6,6.1,4.2,204.1,18251,12229,1184
,,,,,,,,,,
Master,60,161,3.06,8.5,5.6,8.8,149.6,17182,11522,153
,,,,,,,,,,
Master,57,211,3.46,7.2,4.3,7.8,173.1,16388,11321,254
,,,,,,,,,,
Master,51,251,2.38,6,5,5.9,213.5,17941,12020,200
,,,,,,,,,,
Master,58,219,2.75,1.8,5.4,13,31.4,7108,7030,14
,,,,,,,,,,
Unranked,54,123,3.34,7.8,5.2,9.5,240.7,25941,13280,140
,,,,,,,,,,
Master,54,116,3.1,7.1,4.6,7.1,206.2,19498,11883,137
,,,,,,,,,,
Master,59,131,3.22,7.4,4.9,8.3,155.3,14956,11345,98
,,,,,,,,,,
Master,56,320,2.98,3.8,4.5,9.5,131.2,13466,8885,80
,,,,,,,,,,
Master,46,155,2.97,6.8,4.4,6.3,209.5,22771,11743,149
,,,,,,,,,,
Master,57,95,2.8,5.3,4.9,8.5,40.1,7045,9534,53
,,,,,,,,,,
Master,59,144,3.45,1.8,4.6,13.9,26.8,6733,7392,7
,,,,,,,,,,
Master,61,494,2.51,8.4,5.5,5.5,176.1,20500,11446,637
,,,,,,,,,,
Unranked,60,204,3.93,5.1,3.7,9.5,189.5,15557,11614,82
,,,,,,,,,,
Master,57,165,2.61,6,5,7,184.2,20322,11213,79
,,,,,,,,,,
Master,58,230,3.97,6.9,4,8.8,117.2,15470,10102,130
,,,,,,,,,,
Master,57,75,2.39,5.8,5.3,6.8,208.7,22199,12071,50
,,,,,,,,,,
Master,63,141,2.68,2.7,6.2,14,28.3,8854,7579,9
,,,,,,,,,,
Master,50,285,3.21,1.8,4.7,13.3,32.3,5681,7094,11
,,,,,,,,,,
Master,57,497,3.34,9.2,4.6,6.3,169.4,20711,12004,672
,,,,,,,,,,
Master,57,629,2.34,8.5,5.9,5.2,168.5,20343,11109,541
,,,,,,,,,,
Master,56,693,2.19,5.7,4.4,4.1,177.1,14196,10602,498
,,,,,,,,,,
Master,60,205,3.04,5.9,4.1,6.6,213.5,19835,11630,102
,,,,,,,,,,
Master,51,540,3.14,7.5,4.1,5.4,219.8,17503,12360,707
,,,,,,,,,,
Master,62,97,2.34,8.2,6.2,6.3,197.8,23479,12157,126
,,,,,,,,,,
Master,51,162,1.84,5.2,5.3,4.6,179,16832,10344,86
,,,,,,,,,,
Master,55,178,2.67,7.1,5.1,6.6,202.9,17517,11935,177
,,,,,,,,,,
Master,60,30,3.02,3.2,6.5,16.4,9.4,8680,8238,3
,,,,,,,,,,
Master,57,146,2.86,6.4,5,8,193.7,18885,11430,124
,,,,,,,,,,
Master,49,211,2.32,8.5,6.3,6.2,175.6,19412,11622,297
,,,,,,,,,,
Master,64,91,2.44,6.7,5.9,7.7,192.8,23327,11758,88
,,,,,,,,,,
Master,60,226,2.57,9.6,5.9,5.6,167.6,21457,11921,229
,,,,,,,,,,
Unranked,57,150,3.54,8.8,4.7,7.9,156.5,17248,11684,136
,,,,,,,,,,
Master,65,130,2.45,7.2,6.8,9.5,28.5,10898,10624,125
,,,,,,,,,,
Master,57,148,2.69,9.6,6.1,6.8,204.5,20756,13008,230
,,,,,,,,,,
Master,61,108,1.77,9.3,7.8,4.5,207.9,24189,12784,149
,,,,,,,,,,
Master,60,237,2.1,7,5.5,4.5,190.2,19595,12031,193
,,,,,,,,,,
Unranked,57,76,3.26,8.5,4.7,6.7,210.2,18375,12649,92
,,,,,,,,,,
Master,52,179,2.09,5.4,5.1,5.3,168.6,17836,10507,91
,,,,,,,,,,
Master,54,718,2.9,8.8,5.9,8.2,155.1,16706,11789,545
,,,,,,,,,,
Master,58,268,2.23,6.3,5.5,5.9,183.1,20199,12163,156
,,,,,,,,,,
Master,64,135,3.08,8.6,4.8,6.2,192.5,21696,12864,177
,,,,,,,,,,
Master,58,206,4.85,2.2,3.3,13.8,28.5,8039,7745,12
,,,,,,,,,,
Master,25,20,2.28,8.2,6.6,6.8,184.6,21649,12840,18
,,,,,,,,,,
Master,56,57,2.48,6.9,6.1,8.1,184.4,25053,11911,43
,,,,,,,,,,
Unranked,56,171,2.88,1.4,5.5,14.3,31.5,5054,7116,2
,,,,,,,,,,
Master,52,1276,2.66,1.9,5.9,13.7,14.6,8073,7425,51
,,,,,,,,,,
Master,57,234,2.77,1.5,5.7,14.4,29.4,5570,7244,10
,,,,,,,,,,
Master,60,98,3.38,1.7,4.7,14.3,32,5528,7386,6
,,,,,,,,,,
Master,56,117,1.78,6.4,6.1,4.4,197.3,19653,12173,89
,,,,,,,,,,
Master,55,451,2.35,5.9,5.2,6.2,212.2,22870,11534,350
,,,,,,,,,,
Master,49,190,3.24,6.1,3.6,5.6,173.3,17613,10576,85
,,,,,,,,,,
Master,61,108,2.27,7.4,5.9,6.1,167.3,19147,11483,61
,,,,,,,,,,
Master,55,676,2.72,7.4,5,6.1,206.4,18939,12364,759
,,,,,,,,,,
Master,59,92,3,8.3,5.2,7.3,162.5,19505,11435,112
,,,,,,,,,,
Master,62,55,1.76,7,7,5.3,192.3,24795,12023,34
,,,,,,,,,,
Master,59,61,2.67,7.3,5.6,7.7,126.6,15331,10582,60
,,,,,,,,,,
Master,56,172,3.46,8.7,4.9,8.1,161.4,21689,11563,187
,,,,,,,,,,
Master,57,146,3.68,1.4,3.8,12.6,21,4493,7293,11
,,,,,,,,,,
Master,51,82,1.92,6.5,6.2,5.4,192.4,19103,11541,85
,,,,,,,,,,
Master,50,44,3.85,6.2,3,5.5,184.2,17464,10791,21
,,,,,,,,,,
Master,64,59,3.3,2.6,5,13.8,27.9,12765,8128,3
,,,,,,,,,,
Master,61,38,3.78,7.6,4,7.5,146.3,17839,10475,28
,,,,,,,,,,
Master,56,137,3.31,2.2,4.6,12.9,24.6,9776,7810,10
,,,,,,,,,,
Master,64,67,4.06,9.6,4.1,7.2,173,20438,12069,94
,,,,,,,,,,
Master,56,122,3.69,7.7,3.9,6.8,152.8,16321,10960,129
,,,,,,,,,,
Master,64,135,3.08,8.6,4.8,6.2,192.5,21696,12864,177
,,,,,,,,,,
Master,54,222,3.29,5.4,4,7.7,200.3,22934,11503,89
,,,,,,,,,,
Master,60,445,2.38,7.4,6.5,7.9,140.6,18162,10922,452
,,,,,,,,,,
Master,60,812,3.64,8.8,4.5,7.5,165.6,21915,11225,814
,,,,,,,,,,
Master,44,223,3.16,6.4,4,6.2,208.8,16081,11683,220
,,,,,,,,,,
Master,56,75,2.65,6.3,4.9,6.7,190.7,20306,11424,55
,,,,,,,,,,
Master,49,39,3.43,2.4,5.1,15,27.9,6726,7580,2
,,,,,,,,,,
Master,59,49,2.64,10.2,5.9,5.4,198.3,24373,12698,56
,,,,,,,,,,
Master,53,590,4.92,1.8,3.4,15.1,5.7,8916,7313,35
,,,,,,,,,,
Master,57,519,1.7,6.9,6.4,3.9,184.9,17987,11924,579
,,,,,,,,,,
Master,52,1478,1.94,6.1,5.1,3.7,203,15134,12091,993
,,,,,,,,,,
Master,53,242,2.98,7.1,4.4,6,197.5,16750,11837,232
,,,,,,,,,,
Master,52,82,1.77,7.5,6.8,4.6,182.3,21275,11542,63
,,,,,,,,,,
Master,61,281,2.94,5.4,4.6,8.1,194.7,22174,11441,156
,,,,,,,,,,
Unranked,51,35,2.93,1.8,5.1,13,28.7,6754,7041,0
,,,,,,,,,,
Master,58,89,2.43,8,6.1,6.9,159.7,19514,11687,78
,,,,,,,,,,
Master,54,59,2.9,8.3,4.8,5.5,196,17798,11939,83
,,,,,,,,,,
Unranked,67,58,4.56,2.4,3.3,12.8,23.6,11801,8364,10
,,,,,,,,,,
Master,59,148,2.13,7,5.6,5,208.7,17595,12042,135
,,,,,,,,,,
Unranked,56,125,3.76,1.5,4.3,14.8,31.7,5372,7434,4
,,,,,,,,,,
Master,54,210,3.55,10,4.2,4.8,190.3,18743,12521,253
,,,,,,,,,,
Master,65,134,3.34,9.3,4.9,6.9,216.8,20588,13307,220
,,,,,,,,,,
Unranked,53,696,1.97,6.1,6.2,6,183.5,16305,11241,564
,,,,,,,,,,
Unranked,62,50,2.39,6.4,5.6,6.9,169,15681,10709,30
,,,,,,,,,,
Master,58,203,2.45,5.7,4.9,6.2,178.9,17075,11193,113
,,,,,,,,,,
Master,52,671,2.73,3.2,4.9,10.2,31.5,16668,8342,116
,,,,,,,,,,
Master,57,161,2.38,8.6,6,5.8,170.6,17470,11515,202
,,,,,,,,,,
Master,54,209,1.72,5.4,6.1,5.2,205.1,15809,11623,141
,,,,,,,,,,
Master,58,653,1.98,7.1,6.9,6.4,198.6,18273,12211,731
,,,,,,,,,,
Master,58,189,2.19,8.8,7.3,7.3,130.9,21345,10560,204
,,,,,,,,,,
Master,63,91,3.68,5.5,4.9,12.4,151.8,13839,11101,40
,,,,,,,,,,
Master,56,311,3.6,7.7,3.9,6.3,175.6,19571,11259,203
,,,,,,,,,,
Master,56,199,3.56,6.3,3.4,5.9,177,18611,10635,73
,,,,,,,,,,
Master,55,382,2.9,5.9,3.9,5.3,191.8,16345,11095,272
,,,,,,,,,,
Master,61,33,3.2,5.2,4.8,10.3,168.9,14757,11008,14
,,,,,,,,,,
Master,57,372,2.21,6.1,5.1,5.2,174.5,17299,10917,230
,,,,,,,,,,
Master,54,218,3.42,8.3,4.4,6.8,169.7,16321,12047,316
,,,,,,,,,,
Master,51,210,2.67,8.1,5.1,5.5,196.7,17221,11993,258
,,,,,,,,,,
Master,50,241,2.91,2.3,5.2,12.7,46.1,11099,8153,32
,,,,,,,,,,
Master,50,125,2.79,6.5,4.3,5.4,204.3,16173,11652,91
,,,,,,,,,,
Master,50,484,2.89,6.9,5.2,8.1,150.1,15069,10800,321
,,,,,,,,,,
Master,58,193,3.5,8.6,4.6,7.4,177.5,18241,11887,207
,,,,,,,,,,
Unranked,52,305,1.57,4,5.8,5.1,186.1,14713,10425,87
,,,,,,,,,,
Master,56,71,2.97,2.1,4.9,12.6,33.3,7805,7294,7
,,,,,,,,,,
Master,57,121,2.93,7.5,5,7.1,165.5,19516,10862,103
,,,,,,,,,,
Master,54,199,2.75,5.7,6.1,11,50,18417,9362,133
,,,,,,,,,,
Master,53,914,2.91,5.2,4.1,6.8,191.5,17578,11261,446
,,,,,,,,,,
Master,54,90,2.81,7.9,5.3,7,158,17169,11435,93
,,,,,,,,,,
Master,66,105,3.31,5.5,3.8,7,149.4,15339,10411,65
,,,,,,,,,,
Master,58,431,3.93,1.7,4,13.9,34.5,5291,7283,8
,,,,,,,,,,
Unranked,48,84,3.54,5.5,3.9,8.5,182.5,20905,10792,45
,,,,,,,,,,
Master,52,294,2.85,4.6,4,6.7,178.5,14540,10954,109
,,,,,,,,,,
Master,54,116,3.42,8.1,4.9,8.5,151.6,16550,11633,103
,,,,,,,,,,
Master,54,816,2.22,6.5,5.7,6.2,209.3,18862,11947,912
,,,,,,,,,,
Master,57,180,3.58,7.5,4.5,8.7,159.5,15884,11493,149
,,,,,,,,,,
Master,53,331,3.02,6.3,4.1,6.1,201.3,20546,11425,295
,,,,,,,,,,
Master,55,49,2.14,8.1,5.8,4.3,174.9,21126,11529,58
,,,,,,,,,,
Master,56,684,2.68,6.8,5.2,7,184.5,18373,11626,464
,,,,,,,,,,
Master,68,95,2.66,5.1,5.1,8.5,193,18999,11011,36
,,,,,,,,,,
Master,51,152,2.39,8.2,6.3,6.9,177,21162,11574,163
,,,,,,,,,,
Master,52,147,3.92,7,3.6,7.3,140.5,12986,10516,106
,,,,,,,,,,
Master,57,192,2.87,2.1,5.5,13.8,35.5,7355,7685,15
,,,,,,,,,,
Master,52,108,3.17,6.5,3.9,6,199,20285,11518,99
,,,,,,,,,,
0,0,0,0,0,0,0,0,0,0,0
