Rank,WinRate,Games,KDA,AVG_kills,AVG_deaths,AVG_assists,Creep_Score,Damage,Gold,Multi_Kill
Challenger,43,49,2.86,10.9,6.0,6.2,191.8,24041,13079,61
Challenger,55,148,2.96,7.0,5.4,8.9,134.4,14831,10801,91
Challenger,67,63,3.01,7.6,4.6,6.3,205.6,19467,12985,73
Challenger,61,215,2.41,7.5,5.5,5.7,216.8,20748,12609,226
Challenger,56,445,2.81,6.9,4.9,7.0,175.4,18767,11455,395
Challenger,68,34,2.89,8.1,5.8,8.6,158.7,19225,11184,26
Challenger,66,165,5.29,5.7,2.5,7.5,172.9,18992,10399,79
Challenger,60,208,3.3,1.4,4.8,14.4,29.6,5271,7098,5
Challenger,57,190,2.87,5.5,3.8,5.3,193.7,15170,11154,101
Challenger,61,344,2.98,4.8,5.4,11.2,136.7,15290,9574,123
Challenger,64,53,2.43,6.2,4.8,5.4,183.7,17304,11353,37
Challenger,62,157,2.71,9.4,5.5,5.4,174.0,21566,11968,168
Challenger,53,136,4.32,7.5,3.6,8.1,160.1,15582,11485,121
Challenger,55,143,3.54,1.6,4.6,14.7,31.5,5809,7170,6
Challenger,57,28,2.25,11.1,9.3,9.8,208.3,33849,14093,58
Challenger,67,63,3.01,7.6,4.6,6.3,205.6,19467,12985,73
Challenger,61,215,2.41,7.5,5.5,5.7,216.8,20748,12609,226
Challenger,56,97,3.53,8.0,4.4,7.5,164.0,18649,11391,101
Challenger,56,445,2.81,6.9,4.9,7.0,175.4,18767,11455,395
Challenger,65,293,3.78,4.2,3.9,10.6,134.4,12079,9092,61
Challenger,62,148,3.16,8.4,4.4,5.4,203.1,18709,12174,206
Challenger,60,257,3.19,8.0,4.7,7.0,170.6,18965,11151,251
Challenger,63,117,3.56,1.7,4.6,14.6,35.0,5427,7521,7
Challenger,59,88,2.5,6.4,5.2,6.6,199.6,23707,11570,80
Challenger,59,147,2.68,6.0,4.7,6.6,176.2,17342,10935,78
Challenger,51,65,3.07,8.6,4.7,6.0,202.3,19306,12446,111
Challenger,61,43,2.4,7.8,5.8,6.0,232.6,23001,13607,35
Challenger,61,215,2.41,7.5,5.5,5.7,216.8,20748,12609,226
Challenger,63,51,1.79,7.7,7.1,4.9,210.4,19709,12350,53
Challenger,56,97,3.53,8.0,4.4,7.5,164.0,18649,11391,101
Challenger,54,76,2.01,6.0,8.4,10.9,35.4,9925,10080,39
Challenger,54,703,2.71,2.7,5.9,13.4,35.4,10823,7900,77
Challenger,56,220,4.33,6.3,2.6,5.1,245.6,16463,12626,222
Challenger,58,342,2.74,3.9,4.5,8.5,176.3,15681,10511,88
Challenger,59,184,3.11,7.5,4.4,6.1,211.1,19240,12530,166
Challenger,62,157,2.71,9.4,5.5,5.4,174.0,21566,11968,168
Challenger,60,140,2.72,8.6,5.7,6.8,219.6,19224,13215,222
Challenger,56,590,3.47,2.9,4.1,11.2,127.9,12397,8598,80
Challenger,49,73,1.95,4.9,5.5,5.8,173.3,18508,10699,31
Grandmaster,69,39,4.75,10.2,4.1,9.1,154.2,17798,12306,46
Grandmaster,55,212,2.97,6.5,4.1,5.8,214.6,17361,11932,194
Grandmaster,57,1322,2.48,8.2,6.2,7.2,129.1,18262,10859,1725
Grandmaster,52,256,2.28,2.4,7.0,13.5,32.2,8120,7422,32
Challenger,64,167,3.56,7.8,4.6,8.5,144.4,15831,10947,137
Grandmaster,49,138,1.55,5.5,6.6,4.8,198.5,20153,11326,69
Grandmaster,61,105,2.14,7.7,6.9,7.0,172.1,21994,11336,114
Grandmaster,65,124,2.99,7.4,4.9,7.3,191.7,25037,11613,166
Challenger,59,68,2.93,7.7,5.0,6.9,173.8,20137,10973,88
Challenger,57,195,2.29,6.9,5.3,5.3,203.6,19338,11754,182
Grandmaster,65,121,3.46,1.5,4.9,15.5,27.2,5539,7855,9
Grandmaster,58,108,4.19,7.5,3.5,7.0,173.5,20229,11172,81
Grandmaster,67,97,4.61,2.0,4.0,16.3,17.4,7335,8027,4
Challenger,59,496,5.02,2.0,3.4,15.1,26.0,8074,8020,31
Challenger,60,402,3.12,8.1,4.5,5.9,185.1,19247,11607,471
Challenger,55,143,3.54,1.6,4.6,14.7,31.5,5809,7170,6
Challenger,58,137,5.68,10.7,3.0,6.5,182.7,24476,12755,169
Challenger,73,114,3.86,4.3,3.7,10.1,119.8,13279,8616,30
Grandmaster,58,508,3.41,7.7,4.7,8.3,204.3,21300,12418,636
Grandmaster,69,78,4.14,2.9,4.3,15.0,21.2,10661,8198,4
Grandmaster,55,616,2.29,7.6,5.4,4.8,181.8,17546,11858,622
Grandmaster,53,224,2.82,8.1,5.0,6.1,202.9,20482,12510,254
Grandmaster,55,363,2.59,7.3,5.0,5.6,182.7,19335,11253,249
Grandmaster,57,216,2.48,7.8,5.8,6.6,159.3,18066,11238,285
Grandmaster,64,242,3.79,5.8,4.0,9.4,161.5,14824,10523,136
Grandmaster,62,73,2.06,5.4,5.4,5.7,194.5,21334,11785,48
Grandmaster,46,39,2.4,6.3,5.1,5.9,211.1,19066,12081,19
Grandmaster,62,55,6.14,7.1,2.5,7.9,152.4,16029,10896,41
Grandmaster,58,167,2.69,11.4,6.7,6.6,153.9,23936,11979,207
Grandmaster,61,132,3.01,4.6,4.6,9.3,193.4,15518,11727,43
Unranked,55,264,2.04,5.4,7.2,9.3,35.3,8993,9684,148
Grandmaster,54,163,4.5,7.5,3.2,7.0,177.6,17971,11425,131
Grandmaster,60,20,2.62,5.9,4.2,5.1,202.0,16304,11076,8
Grandmaster,57,307,2.44,5.7,4.8,6.1,170.8,17516,10772,146
Grandmaster,60,102,3.51,1.6,4.3,13.5,27.6,5985,7175,4
Grandmaster,56,842,3.4,6.7,4.1,7.2,177.9,18957,10697,598
Grandmaster,55,217,4.07,4.9,3.6,9.7,174.9,10791,10750,70
Grandmaster,56,147,2.72,6.8,4.8,6.3,210.0,18403,12075,132
Grandmaster,76,59,4.67,3.6,4.2,15.8,22.2,13472,8479,11
Grandmaster,57,252,2.58,1.7,6.2,14.2,30.9,7298,7096,10
Grandmaster,69,39,2.57,7.4,5.7,7.3,177.9,19102,11502,30
Unranked,52,371,3.42,0.9,3.9,12.3,42.1,4155,7051,7
Challenger,56,154,4.41,7.1,3.8,9.4,142.1,15414,10687,107
Challenger,51,65,3.07,8.6,4.7,6.0,202.3,19306,12446,111
Challenger,59,171,3.21,5.8,3.9,6.8,178.6,19622,10585,75
Challenger,60,402,3.12,8.1,4.5,5.9,185.1,19247,11607,471
Challenger,57,157,3.51,8.7,4.4,6.7,165.0,17607,11728,245
Challenger,53,136,4.32,7.5,3.6,8.1,160.1,15582,11485,121
Challenger,66,68,3.27,5.2,4.2,8.5,152.4,17943,10722,13
Challenger,52,2047,3.96,1.4,3.7,13.4,34.2,4812,6983,96
Grandmaster,61,133,3.59,1.3,4.4,14.5,28.9,5734,7122,4
Master,54,195,3.42,2.3,5.1,15.1,34.9,6576,7786,12
Master,59,17,1.9,7.8,6.7,4.9,206.1,22593,13185,13
Master,59,378,4.02,7.9,4.1,8.5,159.8,16431,11569,253
Grandmaster,62,147,3.13,1.7,5.0,14.0,32.4,5676,7357,2
Master,54,204,2.74,8.1,5.1,5.8,205.1,17776,12068,399
Grandmaster,53,407,3.58,8.8,4.8,8.5,142.8,18464,11313,285
Master,56,326,3.41,7.0,4.5,8.3,186.6,17910,11864,287
Grandmaster,54,264,3.02,1.4,5.0,13.9,32.1,5816,7197,13
Unranked,57,47,3.04,2.9,6.2,16.0,12.0,8093,8176,7
Grandmaster,58,57,2.89,8.2,5.4,7.3,211.0,20805,13202,65
Grandmaster,63,41,2.51,2.1,6.0,12.9,39.7,7714,7658,3
Unranked,54,407,2.98,6.8,4.6,7.0,199.1,18225,11864,325
Unranked,59,51,3.28,6.7,4.0,6.4,197.6,22016,11461,53
Grandmaster,72,93,4.53,9.5,3.5,6.3,164.0,20392,11697,130
Master,59,263,3.31,6.4,4.4,8.3,191.7,17147,11380,237
Grandmaster,54,407,2.94,9.4,4.9,5.1,188.5,21103,12017,435
Master,55,80,2.47,4.6,4.3,5.9,174.5,14544,10277,32
Master,60,135,2.66,5.4,4.1,5.6,237.1,17587,12576,94
Master,59,179,2.12,5.9,5.5,5.8,182.9,19645,11066,123
Master,54,348,2.05,9.9,7.4,5.2,174.6,23649,12524,525
Master,54,191,2.8,7.9,5.0,6.2,161.7,18900,11022,170
Master,61,94,3.15,3.0,4.7,11.9,68.8,11074,8574,15
Master,57,103,4.46,1.7,3.4,13.5,31.2,5233,7265,4
Master,55,244,2.07,6.4,5.4,4.9,178.8,17216,11116,164
Master,55,808,4.34,1.9,4.0,15.5,7.7,8535,7381,47
Master,54,430,1.92,7.8,7.2,6.0,182.0,20929,12523,540
Master,62,132,2.44,6.4,5.6,7.2,224.8,22464,12525,114
Master,51,505,2.02,4.0,5.1,6.3,190.2,17253,10477,144
Challenger,57,89,2.63,5.4,3.9,4.9,221.2,21487,11776,62
Challenger,56,97,3.53,8.0,4.4,7.5,164.0,18649,11391,101
Challenger,60,52,2.79,5.1,4.3,6.8,197.5,15396,10634,23
Challenger,59,189,2.21,5.7,5.3,6.0,170.0,17812,10695,110
Challenger,60,257,3.19,8.0,4.7,7.0,170.6,18965,11151,251
Challenger,60,119,2.86,8.6,4.9,5.5,226.7,20517,13213,174
Challenger,61,344,2.98,4.8,5.4,11.2,136.7,15290,9574,123
Challenger,64,53,2.43,6.2,4.8,5.4,183.7,17304,11353,37
Challenger,59,87,3.4,8.0,3.9,5.2,216.9,18092,12308,123
Challenger,57,157,3.51,8.7,4.4,6.7,165.0,17607,11728,245
Challenger,53,136,4.32,7.5,3.6,8.1,160.1,15582,11485,121
Challenger,58,137,5.68,10.7,3.0,6.5,182.7,24476,12755,169
Challenger,52,2047,3.96,1.4,3.7,13.4,34.2,4812,6983,96
Master,56,188,3.34,9.2,4.8,6.8,156.6,18383,11995,257
Master,56,693,2.19,5.7,4.4,4.1,177.1,14196,10602,498
Unranked,55,481,2.44,5.1,5.4,8.1,152.0,14406,10584,173
Master,57,324,2.92,6.8,5.1,8.1,204.1,18619,12045,367
Master,53,214,2.72,6.7,4.5,5.6,162.6,17682,10411,101
Master,54,1650,2.01,6.3,5.4,4.6,179.8,15802,11570,1327
Master,53,323,3.08,3.7,5.0,11.7,65.6,14578,8825,67
Master,58,73,2.07,8.5,7.0,6.1,197.8,22755,12603,96
Master,57,146,2.86,6.4,5.0,8.0,193.7,18885,11430,124
Master,55,357,1.87,4.5,5.3,5.4,171.9,15313,11028,129
Master,56,122,3.69,7.7,3.9,6.8,152.8,16321,10960,129
Unranked,62,219,3.19,8.7,4.9,7.1,160.4,18467,11796,231
Master,59,269,3.47,2.7,5.1,15.0,30.6,8908,7796,27
Master,60,173,3.25,1.9,5.0,14.3,15.9,8859,7441,5
Unranked,57,150,3.54,8.8,4.7,7.9,156.5,17248,11684,136
Master,65,130,2.45,7.2,6.8,9.5,28.5,10898,10624,125
Challenger,58,626,2.7,7.5,5.3,6.7,190.4,18080,11840,647
Challenger,52,220,2.38,5.8,5.3,6.7,209.4,21095,11597,88
Challenger,52,138,3.31,8.0,4.6,7.1,151.9,17470,11338,197
Challenger,66,165,5.29,5.7,2.5,7.5,172.9,18992,10399,79
Challenger,60,257,3.19,8.0,4.7,7.0,170.6,18965,11151,251
Challenger,56,220,4.33,6.3,2.6,5.1,245.6,16463,12626,222
Challenger,57,190,2.87,5.5,3.8,5.3,193.7,15170,11154,101
Challenger,62,226,2.67,6.6,3.8,3.6,210.4,16759,12015,206
Challenger,61,395,2.18,8.2,5.4,3.6,196.1,19557,12247,449
Challenger,52,199,2.97,4.9,4.9,9.7,38.9,8151,9575,108
Challenger,59,496,5.02,2.0,3.4,15.1,26.0,8074,8020,31
Challenger,60,402,3.12,8.1,4.5,5.9,185.1,19247,11607,471
Challenger,60,140,2.72,8.6,5.7,6.8,219.6,19224,13215,222
Challenger,62,167,2.59,6.6,4.5,5.0,199.0,15760,11440,224
Master,58,89,2.43,8.0,6.1,6.9,159.7,19514,11687,78
Master,52,1487,2.46,6.2,4.9,5.8,184.8,16943,11207,1021
Master,57,201,3.37,7.8,4.7,8.0,180.7,17010,11796,259
Master,56,79,3.56,7.4,4.1,7.3,224.8,18272,12640,84
Master,53,597,2.29,2.8,4.8,8.3,138.8,12801,8762,67
Unranked,56,125,3.76,1.5,4.3,14.8,31.7,5372,7434,4
Master,54,1164,2.9,5.0,4.4,7.7,166.5,19753,10182,430
Master,53,531,2.7,6.4,4.6,5.9,217.9,16401,12097,402
Challenger,57,184,1.92,5.1,4.9,4.2,211.2,17346,11609,96
Challenger,55,145,3.2,7.4,4.3,6.5,212.2,19935,12539,146
Challenger,56,590,3.47,2.9,4.1,11.2,127.9,12397,8598,80
Challenger,58,137,5.68,10.7,3.0,6.5,182.7,24476,12755,169
Challenger,58,116,3.24,6.2,3.9,6.4,200.3,22708,11474,115
Challenger,73,114,3.86,4.3,3.7,10.1,119.8,13279,8616,30
Master,54,83,3.27,6.9,4.1,6.7,211.4,18243,12368,86
Master,53,119,3.3,8.3,5.2,8.8,152.7,17238,11251,126
Master,56,160,2.27,6.2,5.5,6.4,201.6,15866,11654,136
Master,61,487,4.63,5.2,3.5,11.2,141.5,14163,10389,214
Master,52,904,2.7,5.2,5.8,10.4,122.4,14037,9353,368
Master,62,180,3.0,8.8,5.1,6.6,176.4,18963,12301,230
Unranked,55,91,2.63,8.7,5.3,5.1,173.4,18656,11762,62
Master,59,242,2.35,11.8,7.3,5.3,174.5,24808,13757,310
Master,56,229,2.44,7.4,5.7,6.6,175.6,18427,11336,185
Master,55,280,3.14,7.0,4.3,6.6,156.6,16420,10626,192
Master,51,116,2.72,8.1,5.2,6.0,204.3,18453,12310,137
Master,57,158,3.07,8.0,4.2,5.0,167.3,19388,11262,153
Master,62,177,2.28,8.7,6.5,6.2,186.6,21539,13184,288
Master,57,289,2.2,5.9,5.2,5.6,166.2,18789,11230,198
Master,50,118,2.25,7.8,5.4,4.4,217.1,18892,12444,158
Master,59,123,2.09,6.6,8.3,10.8,39.9,22427,9922,51
Master,59,660,2.95,7.9,4.8,6.3,170.6,18169,11433,779
Unranked,57,242,3.07,7.9,4.9,7.1,162.0,15518,11467,171
Master,55,790,3.53,2.4,4.9,14.8,15.3,9224,8000,75
Master,54,41,2.28,8.0,6.0,5.8,203.7,22307,12664,62
Master,51,553,1.78,6.0,5.9,4.4,201.3,15541,11766,365
Unranked,54,160,2.79,5.2,4.1,6.2,195.5,18008,10978,105
Master,52,556,2.67,1.7,4.7,10.9,33.3,5296,7091,28
Challenger,57,171,4.02,6.9,3.2,6.1,170.0,17725,10805,110
Challenger,58,626,2.7,7.5,5.3,6.7,190.4,18080,11840,647
Challenger,63,51,1.79,7.7,7.1,4.9,210.4,19709,12350,53
Challenger,52,220,2.38,5.8,5.3,6.7,209.4,21095,11597,88
Challenger,56,445,2.81,6.9,4.9,7.0,175.4,18767,11455,395
Challenger,62,148,3.16,8.4,4.4,5.4,203.1,18709,12174,206
Challenger,66,165,5.29,5.7,2.5,7.5,172.9,18992,10399,79
Challenger,60,257,3.19,8.0,4.7,7.0,170.6,18965,11151,251
Challenger,57,1016,2.32,6.5,5.4,6.1,161.7,18909,10537,684
Challenger,53,192,3.29,6.2,4.0,7.0,178.8,19640,10886,110
Challenger,64,53,2.43,6.2,4.8,5.4,183.7,17304,11353,37
Challenger,56,590,3.47,2.9,4.1,11.2,127.9,12397,8598,80
Challenger,52,2047,3.96,1.4,3.7,13.4,34.2,4812,6983,96
Master,57,133,3.41,9.7,4.7,6.3,174.0,21334,12046,254
Unranked,66,35,2.53,1.5,6.0,13.7,33.9,5752,7144,2
Master,56,411,2.37,7.3,5.4,5.6,181.6,19035,11606,282
Master,70,60,2.4,10.1,8.6,10.6,61.9,23724,11324,63
Master,52,218,1.8,5.0,5.0,3.9,184.9,17178,11006,87
Master,59,98,3.31,6.7,4.2,7.2,195.2,18665,11788,52
Challenger,50,48,2.76,11.4,6.3,6.0,170.4,23546,12770,55
Challenger,52,199,2.97,4.9,4.9,9.7,38.9,8151,9575,108
Challenger,57,184,1.92,5.1,4.9,4.2,211.2,17346,11609,96
Challenger,66,64,3.12,9.1,5.5,7.9,196.9,29241,12542,101
Challenger,60,269,4.21,1.6,3.7,13.9,17.4,5846,7292,19
Challenger,58,116,3.24,6.2,3.9,6.4,200.3,22708,11474,115
Challenger,57,28,2.25,11.1,9.3,9.8,208.3,33849,14093,58
Unranked,56,372,3.76,1.8,4.5,14.9,32.4,5619,7352,14
Unranked,58,80,2.31,11.7,8.2,7.2,191.3,28427,14120,160
Master,57,104,2.0,9.8,8.0,6.2,176.1,22305,12701,185
Master,69,179,3.99,12.8,4.9,6.9,190.5,25946,13697,685
Master,55,38,3.61,7.7,4.4,8.2,192.1,20531,12374,39
Master,51,183,2.41,1.5,6.2,13.4,32.9,6161,7228,5
Master,57,162,2.39,5.4,4.7,5.8,168.6,17295,10437,77
Master,58,64,3.38,1.6,4.6,14.0,35.3,6282,7509,1
Master,77,39,4.6,6.6,3.4,9.2,218.3,18513,12239,27
Master,58,113,3.36,8.3,4.0,5.1,158.1,16723,11049,125
Master,52,599,2.29,4.9,6.6,10.2,42.3,18721,8995,210
Unranked,52,188,3.37,1.7,4.5,13.5,32.7,6159,7226,7
Master,58,79,2.41,5.9,5.4,7.2,184.8,17289,11447,50
Master,60,89,3.99,7.3,3.6,7.0,196.5,17285,12206,90
Challenger,50,105,2.3,5.8,5.3,6.3,201.7,19304,11438,95
Challenger,71,62,3.94,7.3,4.1,9.0,138.8,15469,11125,39
Challenger,64,199,2.75,6.1,4.0,4.8,192.7,15575,11549,120
Challenger,56,1117,3.84,2.3,4.1,13.5,29.5,10136,7897,113
Challenger,41,37,1.64,6.8,6.3,3.6,214.6,18239,11940,36
Challenger,60,257,3.19,8.0,4.7,7.0,170.6,18965,11151,251
Challenger,58,342,2.74,3.9,4.5,8.5,176.3,15681,10511,88
Challenger,57,190,2.87,5.5,3.8,5.3,193.7,15170,11154,101
Challenger,57,184,1.92,5.1,4.9,4.2,211.2,17346,11609,96
Challenger,59,496,5.02,2.0,3.4,15.1,26.0,8074,8020,31
Challenger,66,64,3.12,9.1,5.5,7.9,196.9,29241,12542,101
Challenger,61,372,2.68,6.3,4.1,4.6,210.9,16249,11890,287
Challenger,60,137,2.76,6.7,4.8,6.6,198.0,23217,11635,159
Challenger,49,73,1.95,4.9,5.5,5.8,173.3,18508,10699,31
Master,57,467,2.4,7.0,5.6,6.3,165.1,19428,11292,307
Master,59,137,3.22,6.1,5.4,11.2,144.2,14545,10410,74
Unranked,59,336,3.32,6.2,4.4,8.3,204.5,25541,12106,218
Master,70,60,3.76,7.5,4.8,10.5,180.6,17490,11957,47
Unranked,63,180,3.21,9.7,4.7,5.5,156.8,20168,11378,423
Master,59,126,3.57,7.0,4.7,9.8,181.0,20123,11770,124
Master,53,281,4.13,2.2,4.0,14.5,10.9,7484,7582,12
Master,55,327,3.62,1.8,4.4,14.0,17.6,7225,7573,25
Challenger,52,199,2.97,4.9,4.9,9.7,38.9,8151,9575,108
Challenger,71,31,3.9,8.8,4.4,8.2,144.8,16834,11696,30
Challenger,66,64,3.12,9.1,5.5,7.9,196.9,29241,12542,101
Challenger,60,269,4.21,1.6,3.7,13.9,17.4,5846,7292,19
Challenger,58,137,5.68,10.7,3.0,6.5,182.7,24476,12755,169
Challenger,62,167,2.59,6.6,4.5,5.0,199.0,15760,11440,224
Master,49,92,2.92,1.9,5.1,13.1,26.5,8616,7504,5
Master,55,192,2.67,5.3,4.3,6.2,161.9,16253,10194,71
Master,59,94,3.3,11.9,5.5,6.4,175.2,27148,12800,130
Master,70,33,2.24,4.9,4.2,4.5,177.8,13595,11011,9
Master,60,211,2.76,7.9,5.7,7.9,143.1,15770,11052,182
Master,66,32,3.82,1.9,4.9,16.8,28.9,6705,7329,2
Master,51,177,2.67,7.7,5.1,5.9,204.9,20888,12278,225
Master,59,599,3.05,12.4,6.1,6.1,120.9,18300,14552,1272
Master,58,50,2.93,4.9,6.6,14.5,41.5,18715,10466,17
Master,63,303,2.47,7.0,5.0,5.3,180.9,17227,11471,345
Master,65,121,3.55,6.8,5.4,12.5,137.4,17180,10872,69
Master,55,453,4.33,2.2,4.2,16.0,9.4,9505,7862,39
Master,57,60,3.28,10.1,5.1,6.7,161.2,19585,12337,68
Master,63,216,2.22,8.1,5.6,4.4,217.1,21458,12745,223
Master,54,357,2.13,7.3,5.8,5.0,204.2,17561,12235,360
Master,69,58,3.07,9.2,5.3,6.9,158.6,20230,11604,63
Master,74,31,3.34,7.9,4.8,8.2,169.8,19196,11440,27
Master,50,44,3.12,8.5,4.2,4.6,175.5,19243,11446,65
Unranked,61,102,2.29,8.1,5.6,4.8,188.9,21454,12615,85
Master,58,303,3.39,6.8,4.2,7.6,208.9,18236,12124,363
Master,60,154,2.83,7.6,5.1,6.8,152.4,17818,10658,139
Master,60,163,3.02,9.4,4.9,5.5,185.8,22503,12564,256
Master,52,117,3.74,1.5,3.9,13.0,16.2,5142,7278,7
Master,62,107,2.46,9.6,7.1,7.8,187.1,21671,13186,108
Master,61,28,3.72,8.8,4.4,7.4,146.3,20956,11176,22
Master,56,142,3.02,6.3,4.8,8.3,171.9,20072,10960,71
Master,54,524,3.53,8.5,4.1,6.0,173.0,18113,11866,564
Master,63,146,2.46,10.2,6.7,6.3,166.2,23983,12742,152
Unranked,57,674,4.33,2.5,3.9,14.4,54.9,9263,7952,50
Master,62,177,2.76,6.3,4.8,6.8,203.1,23683,11839,154
Master,56,34,2.02,6.6,5.9,5.3,164.2,19213,10976,16
Master,59,181,2.19,6.3,5.4,5.6,198.0,16727,12007,105
Master,53,416,2.55,6.0,4.8,6.1,205.2,14326,11708,331
Master,60,169,3.26,2.2,4.9,13.6,20.6,8514,7494,13
Master,66,32,3.82,1.9,4.9,16.8,28.9,6705,7329,2
Master,57,227,2.71,7.3,5.0,6.2,210.0,23646,12494,233
Master,56,18,1.66,5.4,6.4,5.2,162.3,15694,10735,10
Master,70,37,2.83,7.8,4.7,5.5,164.9,16035,10690,59
Master,55,698,2.34,8.7,6.1,5.6,171.3,21707,11980,560
Master,57,60,3.28,10.1,5.1,6.7,161.2,19585,12337,68
Master,60,138,4.69,1.8,3.9,16.5,6.2,8757,7628,10
Master,59,342,2.46,6.7,4.4,4.1,178.4,17842,11548,270
Master,55,226,2.14,5.9,6.0,7.0,156.8,18956,10271,140
Master,58,19,3.21,2.4,5.2,14.3,30.6,6301,7459,2
Challenger,56,97,3.53,8.0,4.4,7.5,164.0,18649,11391,101
Challenger,71,62,3.94,7.3,4.1,9.0,138.8,15469,11125,39
Challenger,52,138,3.31,8.0,4.6,7.1,151.9,17470,11338,197
Challenger,58,404,2.86,7.3,4.8,6.3,160.4,18436,11007,336
Challenger,60,257,3.19,8.0,4.7,7.0,170.6,18965,11151,251
Challenger,57,718,2.65,7.8,5.5,6.8,144.2,15616,10892,393
Challenger,57,190,2.87,5.5,3.8,5.3,193.7,15170,11154,101
Challenger,59,147,2.68,6.0,4.7,6.6,176.2,17342,10935,78
Challenger,50,48,2.76,11.4,6.3,6.0,170.4,23546,12770,55
Challenger,51,65,3.07,8.6,4.7,6.0,202.3,19306,12446,111
Challenger,71,31,3.9,8.8,4.4,8.2,144.8,16834,11696,30
Challenger,55,145,3.2,7.4,4.3,6.5,212.2,19935,12539,146
Challenger,53,136,4.32,7.5,3.6,8.1,160.1,15582,11485,121
Challenger,61,319,2.41,8.3,7.5,9.8,201.0,29239,12401,362
Challenger,52,2047,3.96,1.4,3.7,13.4,34.2,4812,6983,96
Challenger,61,215,2.41,7.5,5.5,5.7,216.8,20748,12609,226
Challenger,56,97,3.53,8.0,4.4,7.5,164.0,18649,11391,101
Challenger,49,424,1.76,5.7,5.9,4.8,180.5,17668,11079,297
Challenger,65,293,3.78,4.2,3.9,10.6,134.4,12079,9092,61
Challenger,59,400,2.05,5.9,6.2,6.7,147.1,18824,10413,179
Master,57,21,2.18,8.5,7.0,6.9,237.7,21018,13898,27
Challenger,53,192,3.29,6.2,4.0,7.0,178.8,19640,10886,110
Challenger,57,190,2.87,5.5,3.8,5.3,193.7,15170,11154,101
Challenger,50,48,2.76,11.4,6.3,6.0,170.4,23546,12770,55
Challenger,61,344,2.98,4.8,5.4,11.2,136.7,15290,9574,123
Challenger,56,154,4.41,7.1,3.8,9.4,142.1,15414,10687,107
Challenger,59,496,5.02,2.0,3.4,15.1,26.0,8074,8020,31
Challenger,60,402,3.12,8.1,4.5,5.9,185.1,19247,11607,471
Challenger,57,157,3.51,8.7,4.4,6.7,165.0,17607,11728,245
Challenger,53,136,4.32,7.5,3.6,8.1,160.1,15582,11485,121
Challenger,62,167,2.59,6.6,4.5,5.0,199.0,15760,11440,224
Challenger,58,116,3.24,6.2,3.9,6.4,200.3,22708,11474,115
Unranked,60,452,3.66,3.8,4.2,11.6,155.3,12503,9829,158
Master,66,79,2.97,7.7,6.1,10.3,122.8,22827,11583,54
Master,79,58,4.87,15.4,4.3,5.6,210.6,30077,15215,168
Unranked,51,116,3.25,7.3,5.2,9.6,172.7,16579,12087,106
Master,60,40,3.83,8.6,4.3,7.9,209.1,24876,12812,49
Master,49,172,3.11,9.4,5.1,6.3,171.2,18858,12516,200
Master,49,219,2.02,6.0,5.7,5.5,205.2,16647,11889,146
Master,55,22,2.88,0.9,5.8,15.9,30.0,6237,7196,0
Master,64,155,3.04,8.7,4.6,5.4,187.7,24204,12652,174
Master,59,530,2.4,8.4,5.8,5.5,179.7,19512,12076,537
Master,56,590,2.78,9.4,5.3,5.3,156.6,17626,11745,920
Challenger,57,157,3.51,8.7,4.4,6.7,165.0,17607,11728,245
Challenger,55,143,3.54,1.6,4.6,14.7,31.5,5809,7170,6
Challenger,73,114,3.86,4.3,3.7,10.1,119.8,13279,8616,30
Challenger,53,148,3.69,6.9,4.2,8.8,158.3,15437,11244,128
Master,50,250,3.04,8.2,4.7,6.2,187.2,18355,12186,278
Master,54,428,2.65,8.6,5.6,6.3,198.1,22659,13596,594
Unranked,60,20,3.1,9.9,5.3,6.6,214.9,21836,13668,38
Master,54,371,1.95,8.7,7.1,5.1,205.2,22369,13847,619
Unranked,58,116,2.32,5.2,5.1,6.7,155.8,16040,10483,56
Master,58,299,3.61,1.8,4.4,14.0,50.4,6003,7884,22
Diamond 1,60,50,2.92,2.2,6.2,15.9,23.5,9312,8017,2
Master,66,59,3.4,6.5,4.3,8.1,146.3,15753,10605,34
Master,53,324,2.6,1.9,6.2,14.1,15.8,9215,7555,23
Master,74,27,3.68,10.3,4.7,6.9,193.1,20600,12954,30
Unranked,52,394,2.64,7.6,5.4,6.6,192.0,17760,11803,453
Unranked,50,150,3.33,1.8,4.7,13.9,30.5,6179,7459,6
Master,68,53,2.05,6.9,5.6,4.7,158.8,18716,10567,43
Unranked,48,79,3.68,8.8,4.1,6.3,140.7,20067,11000,51
Challenger,57,171,4.02,6.9,3.2,6.1,170.0,17725,10805,110
Challenger,58,626,2.7,7.5,5.3,6.7,190.4,18080,11840,647
Challenger,54,703,2.71,2.7,5.9,13.4,35.4,10823,7900,77
Challenger,65,293,3.78,4.2,3.9,10.6,134.4,12079,9092,61
Challenger,66,165,5.29,5.7,2.5,7.5,172.9,18992,10399,79
Challenger,60,257,3.19,8.0,4.7,7.0,170.6,18965,11151,251
Challenger,60,208,3.3,1.4,4.8,14.4,29.6,5271,7098,5
Challenger,59,88,2.5,6.4,5.2,6.6,199.6,23707,11570,80
Challenger,59,496,5.02,2.0,3.4,15.1,26.0,8074,8020,31
Challenger,59,87,3.4,8.0,3.9,5.2,216.9,18092,12308,123
Challenger,66,64,3.12,9.1,5.5,7.9,196.9,29241,12542,101
Challenger,55,143,3.54,1.6,4.6,14.7,31.5,5809,7170,6
Challenger,55,139,3.82,7.2,3.8,7.4,167.1,19365,10897,78
Challenger,73,114,3.86,4.3,3.7,10.1,119.8,13279,8616,30
Unranked,52,196,4.75,2.5,3.0,12.0,121.5,10629,8622,15
Diamond 2,52,276,3.75,3.9,4.3,12.4,136.2,11040,9860,64
Diamond 2,56,94,2.24,7.8,5.4,4.3,194.2,18816,12055,77
Diamond 2,65,82,3.72,3.8,4.7,13.5,34.2,16949,9572,20
Unranked,58,85,2.45,7.0,5.2,5.7,214.1,17411,12370,90
Unranked,53,463,1.96,7.4,6.8,5.9,163.4,20139,11717,290
Diamond 2,58,81,2.63,8.4,5.5,6.0,187.7,21340,12389,124
Diamond 2,66,32,2.69,4.4,7.0,14.4,67.4,18937,10519,10
Unranked,60,213,2.51,8.8,6.0,6.2,195.7,20376,12591,317
Diamond 2,60,101,3.49,1.7,4.8,15.0,14.9,6723,7810,8
Diamond 2,71,38,3.47,4.7,5.5,14.3,29.6,18693,9934,11
Challenger,67,63,3.01,7.6,4.6,6.3,205.6,19467,12985,73
Challenger,71,62,3.94,7.3,4.1,9.0,138.8,15469,11125,39
Challenger,64,199,2.75,6.1,4.0,4.8,192.7,15575,11549,120
Challenger,57,579,2.74,3.8,4.9,9.7,155.9,13106,9703,162
Challenger,58,365,3.91,6.5,3.5,7.2,206.2,20048,11788,194
Challenger,57,1016,2.32,6.5,5.4,6.1,161.7,18909,10537,684
Challenger,57,718,2.65,7.8,5.5,6.8,144.2,15616,10892,393
Challenger,59,88,2.5,6.4,5.2,6.6,199.6,23707,11570,80
Challenger,50,48,2.76,11.4,6.3,6.0,170.4,23546,12770,55
Challenger,52,199,2.97,4.9,4.9,9.7,38.9,8151,9575,108
Challenger,57,184,1.92,5.1,4.9,4.2,211.2,17346,11609,96
Challenger,57,157,3.51,8.7,4.4,6.7,165.0,17607,11728,245
Challenger,61,372,2.68,6.3,4.1,4.6,210.9,16249,11890,287
Challenger,66,68,3.27,5.2,4.2,8.5,152.4,17943,10722,13
Challenger,52,2047,3.96,1.4,3.7,13.4,34.2,4812,6983,96
Diamond 4,56,353,2.44,7.5,5.4,5.8,167.9,19948,11940,300
Diamond 4,70,91,3.69,9.1,4.6,7.9,188.7,23200,13224,124
Diamond 4,54,669,2.9,4.6,4.2,7.4,231.6,22296,12350,310
Unranked,53,19,3.3,9.5,4.3,4.8,207.5,19804,13005,27
Unranked,54,81,3.46,1.6,4.2,12.9,32.5,5300,7239,4
Diamond 4,48,44,2.4,6.2,5.4,6.6,194.9,17674,12241,34
Diamond 4,54,348,2.06,6.0,6.0,6.3,192.2,18828,11717,213
Diamond 4,55,148,3.25,1.8,5.0,14.4,34.6,6728,7605,7
Diamond 4,58,26,2.51,5.8,4.5,5.5,173.4,16686,10325,19
Diamond 4,54,72,2.53,9.3,6.7,7.6,196.1,22222,12993,157
Diamond 4,66,73,2.9,7.3,5.1,7.4,210.0,19018,12601,85
Diamond 4,54,146,2.63,7.2,5.2,6.5,187.0,19905,12158,119
Diamond 4,50,34,2.12,7.6,5.9,5.0,215.3,18894,12648,39
Diamond 4,48,46,2.6,5.0,5.3,8.8,188.1,18249,11282,28
Diamond 4,58,144,2.35,8.3,6.4,6.7,153.5,21320,10976,161
Diamond 4,55,123,2.44,8.2,6.6,7.9,149.6,19037,11645,92
Challenger,67,63,3.01,7.6,4.6,6.3,205.6,19467,12985,73
Challenger,53,198,2.97,7.3,4.8,6.9,146.9,15767,10777,230
Challenger,58,74,3.07,8.7,5.1,7.0,168.3,19593,11725,73
Challenger,56,445,2.81,6.9,4.9,7.0,175.4,18767,11455,395
Challenger,56,1117,3.84,2.3,4.1,13.5,29.5,10136,7897,113
Challenger,60,257,3.19,8.0,4.7,7.0,170.6,18965,11151,251
Challenger,53,192,3.29,6.2,4.0,7.0,178.8,19640,10886,110
Challenger,60,119,2.86,8.6,4.9,5.5,226.7,20517,13213,174
Challenger,57,190,2.87,5.5,3.8,5.3,193.7,15170,11154,101
Challenger,59,88,2.5,6.4,5.2,6.6,199.6,23707,11570,80
Challenger,61,344,2.98,4.8,5.4,11.2,136.7,15290,9574,123
Challenger,59,496,5.02,2.0,3.4,15.1,26.0,8074,8020,31
Challenger,53,136,4.32,7.5,3.6,8.1,160.1,15582,11485,121
Challenger,61,372,2.68,6.3,4.1,4.6,210.9,16249,11890,287
Challenger,58,137,5.68,10.7,3.0,6.5,182.7,24476,12755,169
Challenger,58,116,3.24,6.2,3.9,6.4,200.3,22708,11474,115
Unranked,73,40,2.99,8.0,4.7,6.0,172.7,17095,11725,38
Diamond 4,74,19,1.99,8.7,7.4,6.1,232.8,31513,14188,27
Diamond 4,66,154,3.04,10.0,5.8,7.7,173.5,23231,12929,236
Unranked,52,118,2.11,5.3,5.7,6.6,166.6,18405,10702,42
Diamond 4,60,40,2.98,1.9,5.1,13.3,34.2,6790,7535,2
Diamond 4,59,44,2.47,3.0,6.8,14.0,40.6,9914,8333,7
Diamond 4,72,32,3.48,9.3,4.9,7.8,221.6,34140,14274,46
Diamond 4,54,79,1.83,6.6,6.6,5.4,197.2,19259,12062,62
Unranked,100,4,3.2,7.3,5.0,8.8,150.8,22147,11197,2
Unranked,53,17,3.21,1.8,5.2,15.1,6.4,6442,7302,0
Unranked,70,27,2.98,6.4,4.2,6.2,204.2,18568,12089,23
Diamond 4,57,298,2.91,5.0,4.1,6.9,191.3,16028,11474,98
Unranked,48,63,2.73,3.7,3.8,6.8,185.4,14878,10297,24
Diamond 4,40,30,3.14,10.6,6.3,9.2,196.0,35040,13838,46
Diamond 4,66,207,3.5,12.1,5.7,7.9,126.3,29677,12332,158
Unranked,61,85,3.28,8.8,4.6,6.4,170.2,17899,12243,100
Challenger,49,424,1.76,5.7,5.9,4.8,180.5,17668,11079,297
Challenger,68,34,2.89,8.1,5.8,8.6,158.7,19225,11184,26
Challenger,65,293,3.78,4.2,3.9,10.6,134.4,12079,9092,61
Challenger,55,760,2.52,9.2,5.8,5.4,184.4,21518,12103,817
Challenger,59,189,2.21,5.7,5.3,6.0,170.0,17812,10695,110
Challenger,63,117,3.56,1.7,4.6,14.6,35.0,5427,7521,7
Challenger,58,365,3.91,6.5,3.5,7.2,206.2,20048,11788,194
Challenger,53,192,3.29,6.2,4.0,7.0,178.8,19640,10886,110
Challenger,50,48,2.76,11.4,6.3,6.0,170.4,23546,12770,55
Challenger,56,239,3.97,5.4,3.5,8.6,171.9,23000,10652,101
Challenger,62,157,2.71,9.4,5.5,5.4,174.0,21566,11968,168
Challenger,58,350,3.43,8.3,4.6,7.5,155.9,18701,11319,326
Challenger,66,68,3.27,5.2,4.2,8.5,152.4,17943,10722,13
Challenger,58,116,3.24,6.2,3.9,6.4,200.3,22708,11474,115
Challenger,52,2047,3.96,1.4,3.7,13.4,34.2,4812,6983,96
Challenger,73,114,3.86,4.3,3.7,10.1,119.8,13279,8616,30
Unranked,68,19,2.85,8.1,5.2,6.8,183.6,19861,12353,17
Unranked,49,102,2.88,1.9,4.8,11.8,34.9,6397,7169,0
Unranked,67,9,2.13,6.7,6.1,6.3,223.0,18995,13179,12
Unranked,54,272,2.48,8.3,5.8,6.1,180.4,20797,11739,208
Unranked,80,49,4.49,11.4,4.1,6.9,210.7,30097,13914,121
Unranked,65,52,5.42,6.2,3.1,10.8,169.1,14380,11285,28
Unranked,76,37,3.54,2.2,5.7,17.9,9.6,5610,7921,3
Unranked,63,111,2.98,6.4,5.4,9.6,71.4,18008,10311,51
Unranked,62,26,1.69,6.5,5.8,3.3,166.4,21225,10999,19
Platinum 1,33,6,2.34,9.0,7.3,8.2,204.2,24057,13481,5
Unranked,59,32,2.67,12.1,6.6,5.6,154.7,24120,12116,48
Unranked,64,25,2.89,5.0,5.7,11.4,26.1,15986,8661,16
Unranked,73,40,4.31,13.0,4.6,6.7,182.1,24152,13475,129
Unranked,71,35,2.6,10.6,5.8,4.5,203.1,22404,13037,49
Platinum 1,60,74,2.19,9.4,6.6,5.0,168.1,21564,12453,96
Unranked,52,56,2.51,8.1,5.4,5.5,175.5,21181,11346,41
Unranked,33,24,3.13,1.7,4.8,13.5,8.0,7999,7214,0
Unranked,56,158,3.11,5.7,4.2,7.3,186.7,13013,11679,76
Unranked,60,50,5.01,6.4,3.0,8.6,185.6,16187,11717,35
Unranked,51,53,2.9,7.8,4.8,6.3,172.1,17698,11366,59
Challenger,43,49,2.86,10.9,6.0,6.2,191.8,24041,13079,61
Challenger,58,626,2.7,7.5,5.3,6.7,190.4,18080,11840,647
Challenger,63,51,1.79,7.7,7.1,4.9,210.4,19709,12350,53
Challenger,54,703,2.71,2.7,5.9,13.4,35.4,10823,7900,77
Challenger,60,52,2.79,5.1,4.3,6.8,197.5,15396,10634,23
Challenger,66,165,5.29,5.7,2.5,7.5,172.9,18992,10399,79
Challenger,61,182,3.21,8.9,4.3,4.9,183.8,20226,11578,273
Challenger,60,208,3.3,1.4,4.8,14.4,29.6,5271,7098,5
Challenger,59,147,2.68,6.0,4.7,6.6,176.2,17342,10935,78
Challenger,61,344,2.98,4.8,5.4,11.2,136.7,15290,9574,123
Challenger,51,65,3.07,8.6,4.7,6.0,202.3,19306,12446,111
Challenger,59,87,3.4,8.0,3.9,5.2,216.9,18092,12308,123
Challenger,66,64,3.12,9.1,5.5,7.9,196.9,29241,12542,101
Challenger,61,372,2.68,6.3,4.1,4.6,210.9,16249,11890,287
Challenger,62,167,2.59,6.6,4.5,5.0,199.0,15760,11440,224
Challenger,49,73,1.95,4.9,5.5,5.8,173.3,18508,10699,31
Unranked,55,22,3.82,3.4,4.4,13.5,44.5,9937,8252,1
Platinum 2,49,291,2.3,2.3,7.0,13.9,33.1,8408,7652,25
Unranked,63,24,2.6,7.7,5.2,5.8,143.9,85244,10688,27
Platinum 2,59,164,2.43,6.2,4.7,5.3,199.9,16065,11863,131
Platinum 2,58,31,2.56,10.3,6.4,6.0,168.2,23531,12503,59
Platinum 2,54,13,1.9,9.2,6.8,3.8,189.7,23460,12627,26
Platinum 2,75,16,2.9,4.8,4.2,7.3,149.5,15160,10087,6
Unranked,73,11,2.53,15.2,8.1,5.3,189.5,30781,14560,47
Unranked,65,76,3.49,7.3,4.7,9.3,155.6,15221,11332,45
Platinum 2,60,20,4.13,9.6,4.2,7.6,157.1,17227,12055,23
Unranked,45,73,2.27,9.2,6.8,6.3,161.4,21645,12127,113
Platinum 2,71,17,6.98,1.0,2.4,15.8,12.4,3191,7291,0
Unranked,83,12,4.0,9.3,4.0,6.7,151.9,18615,11335,25
Unranked,65,60,2.29,9.8,6.6,5.4,191.9,28118,13211,80
Platinum 2,61,57,2.8,11.8,6.1,5.3,210.6,27602,15117,137
Challenger,58,626,2.7,7.5,5.3,6.7,190.4,18080,11840,647
Challenger,60,105,3.5,7.8,4.3,7.2,159.0,16167,11439,154
Challenger,65,293,3.78,4.2,3.9,10.6,134.4,12079,9092,61
Challenger,57,579,2.74,3.8,4.9,9.7,155.9,13106,9703,162
Challenger,58,365,3.91,6.5,3.5,7.2,206.2,20048,11788,194
Challenger,58,342,2.74,3.9,4.5,8.5,176.3,15681,10511,88
Challenger,61,344,2.98,4.8,5.4,11.2,136.7,15290,9574,123
Challenger,62,157,2.71,9.4,5.5,5.4,174.0,21566,11968,168
Challenger,59,87,3.4,8.0,3.9,5.2,216.9,18092,12308,123
Challenger,66,64,3.12,9.1,5.5,7.9,196.9,29241,12542,101
Challenger,55,143,3.54,1.6,4.6,14.7,31.5,5809,7170,6
Challenger,53,148,3.69,6.9,4.2,8.8,158.3,15437,11244,128
Unranked,54,82,2.82,4.9,4.0,6.4,185.2,18424,11147,27
Platinum 2,61,54,2.97,2.7,5.7,14.3,30.3,12342,8379,8
Platinum 2,59,168,2.48,7.7,5.8,6.8,161.3,20691,11584,122
Platinum 2,54,1180,2.82,7.6,5.3,7.3,171.8,18929,12299,823
Unranked,54,110,3.35,9.5,4.9,7.0,153.0,20865,11643,72
Platinum 2,54,57,1.88,6.5,9.4,11.1,40.9,27273,10516,35
Unranked,57,61,2.31,5.3,5.1,6.5,198.1,15166,11330,48
Unranked,74,39,2.82,8.2,5.6,7.6,143.0,18631,10784,32
Platinum 2,57,35,3.07,1.7,5.2,14.2,19.4,6810,7842,0
Unranked,60,20,3.27,11.5,5.8,7.4,117.8,17322,11942,31
Unranked,59,17,3.02,10.7,5.3,5.3,206.8,29693,13811,29
Unranked,100,3,2.25,7.7,5.3,4.3,150.3,20620,11048,1
Unranked,48,40,5.04,1.9,2.9,12.8,25.6,8243,7795,1
Platinum 2,52,91,2.35,7.8,6.9,8.5,220.4,28176,14669,72
Unranked,52,309,2.25,7.0,6.6,8.0,37.1,9769,10864,279
Platinum 2,53,61,2.6,9.0,6.6,8.3,185.2,28385,12869,87
Platinum 2,44,39,2.3,5.5,4.1,4.0,154.9,16841,10024,19
Unranked,44,16,2.18,7.0,6.3,6.6,130.2,16564,10182,14
Unranked,56,27,2.73,8.7,5.3,5.6,221.5,23251,13626,26
Unranked,50,86,2.34,5.1,6.1,9.2,56.2,12616,8936,19
Unranked,50,24,4.49,5.3,3.7,11.1,159.6,15782,11108,13
Unranked,57,51,3.74,9.4,4.0,5.4,217.5,19398,13082,79
Unranked,58,50,2.35,3.0,5.0,8.7,122.7,9070,8443,9
Unranked,90,10,6.33,2.5,2.7,14.6,30.9,6832,7285,1
Platinum 2,68,87,2.16,11.6,7.4,4.4,186.0,22605,13802,230
Platinum 2,86,58,3.33,14.1,6.2,6.5,199.1,28622,14740,180
Platinum 2,33,33,2.39,1.7,6.5,13.7,16.4,4542,7633,4
Challenger,55,148,2.96,7.0,5.4,8.9,134.4,14831,10801,91
Challenger,67,63,3.01,7.6,4.6,6.3,205.6,19467,12985,73
Challenger,56,97,3.53,8.0,4.4,7.5,164.0,18649,11391,101
Challenger,54,76,2.01,6.0,8.4,10.9,35.4,9925,10080,39
Challenger,58,74,3.07,8.7,5.1,7.0,168.3,19593,11725,73
Challenger,60,52,2.79,5.1,4.3,6.8,197.5,15396,10634,23
Challenger,57,579,2.74,3.8,4.9,9.7,155.9,13106,9703,162
Challenger,59,482,2.79,8.5,5.9,7.9,66.7,13135,11395,668
Challenger,60,208,3.3,1.4,4.8,14.4,29.6,5271,7098,5
Challenger,57,718,2.65,7.8,5.5,6.8,144.2,15616,10892,393
Challenger,60,119,2.86,8.6,4.9,5.5,226.7,20517,13213,174
Challenger,61,344,2.98,4.8,5.4,11.2,136.7,15290,9574,123
Challenger,51,65,3.07,8.6,4.7,6.0,202.3,19306,12446,111
Challenger,71,31,3.9,8.8,4.4,8.2,144.8,16834,11696,30
Challenger,59,496,5.02,2.0,3.4,15.1,26.0,8074,8020,31
Challenger,57,157,3.51,8.7,4.4,6.7,165.0,17607,11728,245
Challenger,58,137,5.68,10.7,3.0,6.5,182.7,24476,12755,169
Challenger,58,116,3.24,6.2,3.9,6.4,200.3,22708,11474,115
Unranked,59,295,3.6,9.0,5.1,9.2,165.0,28784,11985,216
Platinum 3,51,67,2.5,8.6,5.9,6.2,200.6,21984,12987,115
Platinum 3,47,55,3.09,0.7,5.4,16.0,28.0,6293,7142,0
Unranked,54,245,2.71,8.1,6.4,9.2,172.5,21527,12129,211
Platinum 3,51,249,2.33,7.5,6.0,6.6,196.6,18967,12357,224
Platinum 3,57,176,2.6,8.5,6.8,9.1,148.1,21023,11456,147
Unranked,50,6,2.02,6.0,7.8,9.8,191.8,20572,12087,2
Unranked,58,33,4.24,3.8,3.7,12.0,164.1,10801,10664,6
Challenger,56,239,3.97,5.4,3.5,8.6,171.9,23000,10652,101
Challenger,59,87,3.4,8.0,3.9,5.2,216.9,18092,12308,123
Challenger,57,157,3.51,8.7,4.4,6.7,165.0,17607,11728,245
Challenger,62,167,2.59,6.6,4.5,5.0,199.0,15760,11440,224
Challenger,49,73,1.95,4.9,5.5,5.8,173.3,18508,10699,31
Challenger,52,2047,3.96,1.4,3.7,13.4,34.2,4812,6983,96
Challenger,73,114,3.86,4.3,3.7,10.1,119.8,13279,8616,30
Unranked,75,12,5.23,11.3,3.3,6.2,196.3,23330,13540,23
Unranked,56,71,2.25,8.3,6.5,6.2,189.7,22522,12552,82
Platinum 3,68,60,4.86,2.2,4.1,17.9,7.0,10422,8293,6
Platinum 3,53,81,4.69,2.8,3.9,15.3,44.3,14009,9337,13
Platinum 3,51,150,2.59,7.5,6.2,8.6,193.4,24065,12594,82
Platinum 3,52,114,2.14,2.8,7.2,12.6,27.8,15161,8500,13
Unranked,60,85,4.72,4.0,3.8,14.1,155.2,13417,11065,20
Platinum 3,55,94,1.61,8.0,7.5,4.1,182.2,18112,11970,153
Platinum 3,54,35,3.52,9.7,5.3,8.9,213.1,22350,14011,45
Platinum 3,61,269,3.09,6.8,5.0,8.6,184.3,19124,12248,157
Platinum 3,58,104,2.17,6.0,7.6,10.5,66.1,24809,10441,77
Unranked,62,91,2.44,7.4,6.0,7.2,195.6,19773,12504,106
Platinum 3,52,29,2.14,4.9,5.8,7.4,169.2,20445,10774,7
Unranked,57,70,3.34,2.4,5.0,14.1,38.4,9518,8070,5
Platinum 3,49,191,3.61,2.1,4.9,15.6,35.2,7979,8153,12
Platinum 3,51,78,3.32,1.8,5.0,14.8,27.1,7950,7829,8
Platinum 3,51,55,2.62,6.7,5.2,6.9,192.5,22552,11737,44
Platinum 3,51,84,2.99,9.9,5.7,7.2,158.1,20330,12144,105
Unranked,59,83,3.55,3.1,5.3,15.9,20.9,12809,8892,8
Unranked,54,106,2.9,8.7,5.6,7.5,165.6,20305,11961,108
Platinum 3,53,175,2.58,10.5,6.5,6.2,164.5,23970,12516,397
Platinum 3,52,29,2.63,7.3,4.7,5.0,184.5,22112,12401,17
Platinum 3,52,109,1.86,7.5,7.4,6.3,182.3,20079,12424,142
Unranked,71,7,2.94,11.9,7.6,10.4,161.0,22824,13999,5
Unranked,58,74,3.56,7.0,4.8,10.0,174.0,17875,11671,66
Platinum 3,57,571,2.07,6.0,6.4,7.2,203.7,21909,12575,248
Platinum 3,67,69,2.55,7.7,7.4,11.1,41.0,13474,12057,79
Unranked,42,82,2.75,5.5,4.9,7.9,183.7,16103,11062,43
Platinum 3,61,82,2.59,11.8,7.2,6.9,197.0,26704,14479,112
Unranked,58,67,3.45,6.8,4.0,6.9,188.0,20507,11588,61
Platinum 3,53,182,3.02,6.3,4.6,7.6,205.2,23432,12152,158
Challenger,55,148,2.96,7.0,5.4,8.9,134.4,14831,10801,91
Challenger,50,105,2.3,5.8,5.3,6.3,201.7,19304,11438,95
Challenger,54,76,2.01,6.0,8.4,10.9,35.4,9925,10080,39
Challenger,56,445,2.81,6.9,4.9,7.0,175.4,18767,11455,395
Challenger,64,199,2.75,6.1,4.0,4.8,192.7,15575,11549,120
Challenger,41,37,1.64,6.8,6.3,3.6,214.6,18239,11940,36
Challenger,59,189,2.21,5.7,5.3,6.0,170.0,17812,10695,110
Challenger,60,257,3.19,8.0,4.7,7.0,170.6,18965,11151,251
Challenger,57,1016,2.32,6.5,5.4,6.1,161.7,18909,10537,684
Master,57,21,2.18,8.5,7.0,6.9,237.7,21018,13898,27
Challenger,57,190,2.87,5.5,3.8,5.3,193.7,15170,11154,101
Challenger,64,53,2.43,6.2,4.8,5.4,183.7,17304,11353,37
Challenger,59,171,3.21,5.8,3.9,6.8,178.6,19622,10585,75
Challenger,66,64,3.12,9.1,5.5,7.9,196.9,29241,12542,101
Challenger,58,137,5.68,10.7,3.0,6.5,182.7,24476,12755,169
Challenger,61,319,2.41,8.3,7.5,9.8,201.0,29239,12401,362
Platinum 4,82,17,2.78,4.0,5.3,10.7,155.1,14125,10994,5
Platinum 4,67,48,2.94,8.1,5.6,8.3,168.9,22709,12151,41
Platinum 4,54,1228,2.52,9.8,6.6,6.7,144.2,22743,11813,2143
Platinum 4,51,55,2.98,2.1,5.6,14.7,15.1,8971,8006,2
Platinum 4,81,31,2.89,12.4,6.1,5.3,201.9,28130,14089,92
Platinum 4,61,99,2.09,7.6,7.4,7.8,183.4,25895,12250,146
Platinum 4,41,22,3.01,5.8,3.8,5.7,144.7,16662,10097,7
Platinum 4,55,112,2.26,6.7,5.4,5.5,203.1,17687,12169,87
Unranked,63,83,2.66,8.6,5.5,5.9,186.5,20483,12818,131
Platinum 4,63,16,2.83,10.7,6.2,6.8,166.7,23111,12589,21
Platinum 4,56,78,2.96,6.6,7.1,14.4,158.3,17408,12244,33
Unranked,70,23,2.83,11.9,6.0,5.1,175.0,20193,12277,54
Platinum 4,50,34,2.86,6.8,4.4,5.7,191.3,17182,11833,28
Platinum 4,69,67,3.05,7.0,5.2,8.8,205.0,27120,12841,53
Unranked,52,64,1.73,7.2,7.0,4.8,179.3,15098,11739,90
Platinum 4,59,46,2.3,10.7,7.5,6.5,206.4,26721,13876,84
Unranked,80,15,4.17,8.7,3.6,6.3,183.8,17538,12399,11
Platinum 4,65,109,2.41,11.0,7.4,6.9,141.2,27621,12387,153
Unranked,47,34,3.45,6.7,4.3,8.2,215.1,21363,12386,37
Unranked,67,6,2.41,3.7,5.3,9.2,166.0,17723,10046,2
Unranked,40,5,1.19,4.6,7.4,4.2,182.2,14756,10677,2
Platinum 4,59,125,3.99,8.9,4.3,8.4,187.2,19599,12640,154
Challenger,43,49,2.86,10.9,6.0,6.2,191.8,24041,13079,61
Challenger,71,186,4.04,9.3,3.9,6.5,178.6,19218,12539,339
Challenger,52,220,2.38,5.8,5.3,6.7,209.4,21095,11597,88
Challenger,52,138,3.31,8.0,4.6,7.1,151.9,17470,11338,197
Challenger,59,189,2.21,5.7,5.3,6.0,170.0,17812,10695,110
Challenger,57,718,2.65,7.8,5.5,6.8,144.2,15616,10892,393
Challenger,59,88,2.5,6.4,5.2,6.6,199.6,23707,11570,80
Challenger,50,48,2.76,11.4,6.3,6.0,170.4,23546,12770,55
Challenger,64,53,2.43,6.2,4.8,5.4,183.7,17304,11353,37
Challenger,59,171,3.21,5.8,3.9,6.8,178.6,19622,10585,75
Challenger,60,402,3.12,8.1,4.5,5.9,185.1,19247,11607,471
Challenger,61,372,2.68,6.3,4.1,4.6,210.9,16249,11890,287
Challenger,55,143,3.54,1.6,4.6,14.7,31.5,5809,7170,6
Challenger,58,137,5.68,10.7,3.0,6.5,182.7,24476,12755,169
Challenger,53,148,3.69,6.9,4.2,8.8,158.3,15437,11244,128
Platinum 4,56,200,3.16,9.8,5.2,6.6,226.1,21969,14038,350
Platinum 4,58,238,2.24,8.4,6.1,5.2,231.6,21879,13414,244
Platinum 4,51,83,2.86,8.0,4.8,5.7,217.8,19082,12806,94
Platinum 4,61,102,3.0,9.5,5.2,6.1,176.3,23611,12552,117
Platinum 4,51,35,2.28,6.7,5.8,6.5,218.1,25445,13744,28
Platinum 4,36,33,2.16,6.5,7.2,9.1,171.9,16987,12364,12
Platinum 4,53,179,2.12,7.6,6.5,6.1,218.0,24893,13256,127
Platinum 4,59,64,2.62,11.2,7.5,8.4,176.6,27017,13484,125
Platinum 4,49,59,3.68,1.8,4.5,14.7,21.8,6063,7911,4
Unranked,82,11,2.76,12.9,6.5,5.2,244.6,37985,16637,28
Platinum 4,51,311,2.6,10.2,6.0,5.5,181.9,23234,12669,354
Platinum 4,55,74,2.56,6.9,5.8,8.0,191.6,19342,12021,83
Platinum 4,63,91,2.13,4.9,5.0,5.6,196.9,17703,11757,54
Platinum 4,48,58,1.91,8.1,6.9,5.2,143.9,18707,10448,33
Platinum 4,53,60,2.42,8.2,5.6,5.3,197.4,21944,13248,60
Challenger,59,708,3.75,2.4,4.4,14.2,13.7,9243,7538,69
Challenger,50,105,2.3,5.8,5.3,6.3,201.7,19304,11438,95
Challenger,54,76,2.01,6.0,8.4,10.9,35.4,9925,10080,39
Challenger,56,445,2.81,6.9,4.9,7.0,175.4,18767,11455,395
Challenger,65,293,3.78,4.2,3.9,10.6,134.4,12079,9092,61
Challenger,41,37,1.64,6.8,6.3,3.6,214.6,18239,11940,36
Challenger,60,257,3.19,8.0,4.7,7.0,170.6,18965,11151,251
Challenger,58,342,2.74,3.9,4.5,8.5,176.3,15681,10511,88
Challenger,50,48,2.76,11.4,6.3,6.0,170.4,23546,12770,55
Challenger,61,344,2.98,4.8,5.4,11.2,136.7,15290,9574,123
Challenger,64,53,2.43,6.2,4.8,5.4,183.7,17304,11353,37
Challenger,59,496,5.02,2.0,3.4,15.1,26.0,8074,8020,31
Challenger,53,136,4.32,7.5,3.6,8.1,160.1,15582,11485,121
Challenger,58,137,5.68,10.7,3.0,6.5,182.7,24476,12755,169
Challenger,73,114,3.86,4.3,3.7,10.1,119.8,13279,8616,30
Platinum 4,55,49,3.24,6.3,4.9,9.5,144.7,21623,11140,10
Platinum 4,59,131,2.7,6.4,5.9,9.5,149.1,16632,10868,77
Platinum 4,59,34,2.67,7.7,5.7,7.5,164.4,21404,11592,28
Platinum 4,50,231,1.98,4.0,6.7,9.3,91.0,18746,9716,61
Unranked,63,19,2.2,4.3,4.4,5.3,170.5,17205,10480,6
Unranked,54,109,3.0,10.5,5.3,5.5,169.0,21557,12269,261
Platinum 4,49,570,2.05,4.9,7.8,11.2,31.8,19293,9356,135
Unranked,65,31,2.91,9.3,5.3,6.1,209.3,19907,12971,45
Platinum 4,51,150,2.81,1.4,5.1,13.0,33.7,4776,7213,5
Platinum 4,55,611,3.11,5.2,5.6,12.3,54.7,18690,9612,168
Platinum 4,59,32,4.66,2.6,3.6,14.2,145.6,9153,9851,4
Platinum 4,54,84,2.21,8.9,7.2,7.0,211.3,24351,13687,94
Platinum 4,57,7,3.25,11.3,5.1,5.4,164.7,24342,13604,12
Unranked,50,14,3.19,1.8,5.0,14.1,14.9,7493,7820,0
Unranked,50,2,1.75,3.5,8.0,10.5,126.5,8033,9337,1
Unranked,42,12,2.84,2.2,7.2,18.2,13.3,8730,8105,2
Challenger,68,34,2.89,8.1,5.8,8.6,158.7,19225,11184,26
Challenger,41,37,1.64,6.8,6.3,3.6,214.6,18239,11940,36
Challenger,59,400,2.05,5.9,6.2,6.7,147.1,18824,10413,179
Challenger,57,1016,2.32,6.5,5.4,6.1,161.7,18909,10537,684
Challenger,57,190,2.87,5.5,3.8,5.3,193.7,15170,11154,101
Challenger,56,239,3.97,5.4,3.5,8.6,171.9,23000,10652,101
Challenger,71,31,3.9,8.8,4.4,8.2,144.8,16834,11696,30
Challenger,57,184,1.92,5.1,4.9,4.2,211.2,17346,11609,96
Challenger,59,87,3.4,8.0,3.9,5.2,216.9,18092,12308,123
Challenger,60,269,4.21,1.6,3.7,13.9,17.4,5846,7292,19
Challenger,58,137,5.68,10.7,3.0,6.5,182.7,24476,12755,169
Challenger,57,28,2.25,11.1,9.3,9.8,208.3,33849,14093,58
Challenger,52,2047,3.96,1.4,3.7,13.4,34.2,4812,6983,96
Unranked,29,7,1.67,7.1,6.0,2.9,164.1,13712,10235,5
Unranked,50,102,3.5,8.3,4.2,6.5,230.4,22763,13682,111
Unranked,52,77,2.96,7.0,4.8,7.2,193.6,21296,12605,71
Unranked,65,17,3.71,15.6,5.6,5.1,180.2,32684,14206,79
Platinum 4,57,61,2.14,6.6,5.2,4.4,179.5,17339,11681,70
Unranked,56,45,2.05,8.0,6.3,4.8,195.4,20876,12182,62
Unranked,82,11,4.4,12.1,4.8,9.1,191.3,26208,13777,37
Platinum 4,58,179,3.32,10.4,5.8,9.0,173.2,23832,12896,284
Unranked,73,37,3.04,9.2,4.5,4.4,225.0,28942,14400,40
Unranked,60,30,2.99,10.7,5.8,6.8,201.7,28056,13834,63
Unranked,79,14,3.6,12.2,4.6,4.5,152.1,22053,12030,13
Unranked,55,29,3.92,8.2,3.8,6.8,229.2,29418,13861,37
Unranked,75,12,6.39,9.2,2.3,5.8,195.6,18777,12812,21
Platinum 4,63,35,3.16,8.5,5.3,8.3,205.9,21840,13482,56
Unranked,61,31,3.43,5.3,5.2,12.5,65.6,20383,10105,9
Unranked,64,14,4.53,6.5,3.2,8.1,170.0,16409,11087,7
Unranked,68,22,4.52,7.5,3.0,6.1,182.5,15652,11952,18
Platinum 4,47,140,2.18,5.9,7.0,9.2,161.8,19250,11232,96
Platinum 4,39,83,1.51,3.0,7.7,8.5,56.8,16390,8503,13
Challenger,46,44,3.85,7.5,4.0,7.9,243.4,19675,13251,42
Challenger,60,105,3.5,7.8,4.3,7.2,159.0,16167,11439,154
Challenger,52,138,3.31,8.0,4.6,7.1,151.9,17470,11338,197
Challenger,57,579,2.74,3.8,4.9,9.7,155.9,13106,9703,162
Challenger,56,220,4.33,6.3,2.6,5.1,245.6,16463,12626,222
Challenger,58,342,2.74,3.9,4.5,8.5,176.3,15681,10511,88
Challenger,53,192,3.29,6.2,4.0,7.0,178.8,19640,10886,110
Challenger,59,88,2.5,6.4,5.2,6.6,199.6,23707,11570,80
Challenger,62,226,2.67,6.6,3.8,3.6,210.4,16759,12015,206
Challenger,61,395,2.18,8.2,5.4,3.6,196.1,19557,12247,449
Challenger,62,157,2.71,9.4,5.5,5.4,174.0,21566,11968,168
Challenger,57,157,3.51,8.7,4.4,6.7,165.0,17607,11728,245
Challenger,60,269,4.21,1.6,3.7,13.9,17.4,5846,7292,19
Challenger,56,590,3.47,2.9,4.1,11.2,127.9,12397,8598,80
Challenger,55,143,3.54,1.6,4.6,14.7,31.5,5809,7170,6
Challenger,58,116,3.24,6.2,3.9,6.4,200.3,22708,11474,115
Unranked,71,79,4.31,6.4,3.8,9.9,202.6,13549,12528,55
Platinum 4,68,22,4.48,12.3,4.8,9.3,217.9,30341,15527,32
Unranked,56,86,3.66,3.2,4.4,12.9,146.4,8743,9834,11
Platinum 4,63,96,3.47,6.3,4.7,9.9,197.3,26938,12242,65
Gold 1,66,35,3.04,9.3,4.6,4.6,224.7,20883,13277,64
Platinum 4,53,178,2.24,7.6,6.1,5.9,195.6,17955,12649,221
Unranked,66,35,2.88,7.6,4.8,6.3,177.7,23367,11465,27
Platinum 4,54,134,2.42,4.4,5.1,8.0,191.6,18368,11459,29
Unranked,65,20,4.94,5.2,2.7,8.2,182.7,15498,11106,8
Unranked,61,120,2.11,6.2,5.3,5.0,208.7,18566,12313,54
Platinum 4,72,111,4.36,6.3,4.7,14.4,134.8,14449,10640,41
Platinum 4,59,51,2.74,8.9,6.1,7.7,171.6,22346,12785,41
Platinum 4,63,113,2.64,7.4,4.9,5.5,186.4,19068,12497,100
Platinum 4,52,99,1.89,7.7,6.1,3.8,211.4,20104,13335,89
Platinum 4,58,234,3.49,8.0,4.7,8.5,159.2,25869,11340,160
Platinum 4,60,121,3.31,2.7,4.7,12.9,40.0,8917,8141,14
Platinum 4,57,120,2.16,9.2,6.6,5.1,214.1,21794,13375,163
Platinum 4,46,102,1.9,6.9,6.3,5.0,207.7,18208,12462,100
Unranked,46,81,3.63,5.9,3.9,8.2,162.5,22362,11071,44
Gold 1,49,45,2.17,5.8,6.7,8.7,199.4,21493,13068,27
Platinum 4,62,98,1.93,7.9,7.6,6.7,194.6,21749,12834,113
Unranked,56,34,3.76,11.4,4.9,7.1,207.5,23407,13851,62
Unranked,56,55,2.99,8.1,5.3,7.6,225.9,25909,13247,78
Unranked,42,31,2.4,6.0,5.7,7.7,120.7,16956,10112,10
Platinum 4,61,428,3.36,5.3,5.2,12.3,154.7,15837,10992,197
Gold 1,60,15,2.36,9.4,6.7,6.3,213.7,27280,14928,17
Unranked,49,65,3.24,9.8,5.2,7.0,141.9,17424,11832,68
Unranked,65,82,2.11,13.6,8.7,4.7,148.3,24141,14054,303
Unranked,59,200,3.4,6.8,4.9,10.1,38.3,11475,10950,152
Platinum 4,44,32,2.79,1.8,4.8,11.6,39.8,10507,8040,2
Platinum 4,53,158,1.85,9.2,7.4,4.4,214.5,26621,14156,337
Unranked,46,11,2.35,6.5,5.7,6.9,161.0,20813,10741,6
Gold 1,53,68,1.87,9.4,7.9,5.3,217.7,25506,14013,150
Unranked,64,36,3.17,8.1,4.5,6.1,146.2,17213,10647,46
Unranked,59,149,2.36,9.3,7.1,7.4,183.6,23151,13042,193
Gold 1,54,43,2.13,9.7,7.6,6.5,146.7,22913,11610,47
Gold 1,58,36,3.89,4.4,3.8,10.5,185.1,16646,10875,12
Unranked,67,24,3.09,8.1,5.7,9.4,136.7,16113,11628,17
Unranked,58,104,4.05,7.3,4.4,10.6,152.5,18162,11592,91
Unranked,50,291,2.39,4.7,7.3,12.7,61.3,18170,10012,108
Gold 1,60,196,3.11,9.6,5.9,8.8,166.0,20473,12823,213
Unranked,69,29,3.92,11.3,4.9,7.8,140.9,26133,11842,27
Unranked,67,21,3.62,12.3,5.2,6.6,175.8,22983,12538,75
Gold 1,61,161,2.41,8.4,6.1,6.4,194.8,20656,12889,222
Gold 1,62,29,2.63,9.7,7.2,9.4,151.0,20770,12547,37
Challenger,71,186,4.04,9.3,3.9,6.5,178.6,19218,12539,339
Challenger,56,97,3.53,8.0,4.4,7.5,164.0,18649,11391,101
Challenger,60,52,2.79,5.1,4.3,6.8,197.5,15396,10634,23
Challenger,59,189,2.21,5.7,5.3,6.0,170.0,17812,10695,110
Challenger,59,400,2.05,5.9,6.2,6.7,147.1,18824,10413,179
Master,57,21,2.18,8.5,7.0,6.9,237.7,21018,13898,27
Challenger,61,344,2.98,4.8,5.4,11.2,136.7,15290,9574,123
Challenger,64,53,2.43,6.2,4.8,5.4,183.7,17304,11353,37
Challenger,51,65,3.07,8.6,4.7,6.0,202.3,19306,12446,111
Challenger,58,350,3.43,8.3,4.6,7.5,155.9,18701,11319,326
Challenger,60,137,2.76,6.7,4.8,6.6,198.0,23217,11635,159
Challenger,57,28,2.25,11.1,9.3,9.8,208.3,33849,14093,58
Challenger,53,148,3.69,6.9,4.2,8.8,158.3,15437,11244,128
Unranked,71,7,2.08,8.9,6.9,5.4,190.1,19569,12461,8
Unranked,57,14,3.5,12.3,5.0,5.2,90.5,14850,12735,37
Gold 1,59,22,1.55,6.4,7.1,4.7,193.6,19729,11529,18
Gold 1,61,106,2.07,8.9,9.2,10.3,151.0,32723,12492,91
Gold 1,69,52,3.17,9.7,5.3,7.2,188.5,28574,12568,89
Gold 1,56,93,3.74,7.7,5.1,11.3,163.4,22493,11942,57
Gold 1,61,61,2.4,9.2,6.4,6.2,184.0,21805,12887,83
Unranked,74,19,3.3,5.4,5.5,12.8,48.4,17725,9490,4
Unranked,60,15,3.12,6.2,4.9,9.2,189.0,19508,11846,12
Gold 1,55,145,2.59,7.8,6.3,8.5,173.7,18639,11962,135
Unranked,59,212,2.49,10.8,6.7,5.9,184.9,27936,13352,325
Gold 1,62,50,2.95,2.2,5.7,14.5,35.0,7366,8173,1
Unranked,25,4,1.72,9.5,7.3,3.0,174.3,23316,12014,2
Gold 1,50,50,2.72,10.9,6.6,7.0,196.9,30862,13576,62
Gold 1,78,9,3.83,13.6,5.2,6.4,166.9,30890,14481,16
Unranked,56,34,2.31,7.9,5.9,5.8,199.2,27087,12986,23
Unranked,61,23,2.95,9.0,4.8,5.2,166.0,21168,11693,16
Unranked,59,39,4.11,6.6,3.4,7.4,221.2,22517,13453,27
Challenger,55,148,2.96,7.0,5.4,8.9,134.4,14831,10801,91
Challenger,57,89,2.63,5.4,3.9,4.9,221.2,21487,11776,62
Challenger,54,703,2.71,2.7,5.9,13.4,35.4,10823,7900,77
Challenger,68,34,2.89,8.1,5.8,8.6,158.7,19225,11184,26
Challenger,58,404,2.86,7.3,4.8,6.3,160.4,18436,11007,336
Challenger,57,579,2.74,3.8,4.9,9.7,155.9,13106,9703,162
Challenger,58,365,3.91,6.5,3.5,7.2,206.2,20048,11788,194
Challenger,57,1016,2.32,6.5,5.4,6.1,161.7,18909,10537,684
Master,57,21,2.18,8.5,7.0,6.9,237.7,21018,13898,27
Challenger,61,344,2.98,4.8,5.4,11.2,136.7,15290,9574,123
Challenger,51,65,3.07,8.6,4.7,6.0,202.3,19306,12446,111
Challenger,59,87,3.4,8.0,3.9,5.2,216.9,18092,12308,123
Challenger,53,136,4.32,7.5,3.6,8.1,160.1,15582,11485,121
Challenger,61,372,2.68,6.3,4.1,4.6,210.9,16249,11890,287
Challenger,49,73,1.95,4.9,5.5,5.8,173.3,18508,10699,31
Gold 1,54,72,2.56,6.7,5.7,8.0,166.4,15798,11391,51
Gold 1,52,132,2.17,9.5,8.5,8.9,112.2,22646,11952,129
Unranked,100,5,4.64,2.2,4.4,18.2,23.8,7628,10293,0
Unranked,71,14,2.32,10.7,8.2,8.4,156.5,26227,12776,16
Gold 1,46,56,2.32,6.9,6.0,7.1,194.1,20318,12210,52
Unranked,57,130,5.82,1.6,3.1,16.7,4.6,7813,7835,6
Unranked,64,14,4.0,8.4,4.3,8.8,184.3,19816,12472,16
Gold 1,75,8,6.46,2.5,3.5,20.1,52.0,12329,10503,0
Unranked,52,75,3.08,7.1,5.1,8.6,158.9,15498,11596,44
Unranked,67,6,2.21,4.2,4.8,6.5,174.0,18872,10505,1
Unranked,50,4,1.91,14.8,13.8,11.5,177.8,48712,15056,13
Unranked,51,76,3.06,9.1,5.0,6.2,167.1,22774,12077,84
Challenger,58,137,5.68,10.7,3.0,6.5,182.7,24476,12755,169
Challenger,66,68,3.27,5.2,4.2,8.5,152.4,17943,10722,13
Unranked,42,66,2.11,4.4,6.2,8.6,180.0,17731,11085,13
Unranked,57,21,2.17,9.9,6.7,4.7,202.7,24793,13402,34
Unranked,61,46,2.64,5.7,7.2,13.2,65.2,31483,11232,16
Gold 2,52,42,2.16,8.2,8.0,9.1,182.9,28046,12576,47
Unranked,63,43,3.9,1.6,4.1,14.3,14.5,4769,7706,2
Gold 2,33,6,1.56,9.5,8.3,3.5,144.5,18026,11514,10
Unranked,67,21,3.05,9.0,5.6,8.1,106.3,17608,11038,13
Gold 2,57,63,3.53,8.6,4.1,6.0,197.3,23264,12943,54
Gold 2,57,136,4.35,4.4,3.5,10.6,40.8,21181,9374,29
Gold 2,39,18,1.5,5.9,8.4,6.6,182.3,25604,11459,9
Gold 2,55,268,2.34,9.1,6.7,6.5,167.4,22370,12274,509
Gold 2,77,13,3.17,10.3,4.9,5.3,178.1,24502,12918,24
Unranked,60,10,3.71,12.2,5.2,7.1,185.3,25574,13547,20
Gold 2,49,80,2.92,7.0,5.8,9.8,150.6,21187,11243,50
Unranked,52,27,3.45,5.0,3.0,5.4,187.7,14353,10486,24
Unranked,56,18,2.68,9.8,6.4,7.4,172.0,23214,12634,31
Gold 2,61,180,2.57,7.0,5.8,7.8,167.4,21034,12186,118
Gold 2,64,52,3.69,7.1,4.1,8.0,164.6,19578,11501,42
Unranked,63,75,2.26,8.5,6.7,6.7,169.3,19612,11981,83
Gold 2,55,22,2.34,13.0,8.0,5.8,244.0,30912,16331,55
Gold 2,68,19,3.22,11.4,5.7,7.1,181.2,29308,13705,35
Gold 2,55,22,3.02,11.0,5.2,4.6,182.4,24062,12333,48
Gold 2,58,525,2.51,4.6,5.3,8.6,213.5,22526,12218,208
Unranked,62,21,2.17,8.2,6.1,5.0,173.4,18423,11860,12
Unranked,63,30,2.74,7.6,5.4,7.3,145.6,22366,10807,23
Gold 2,46,33,2.28,4.0,6.0,9.7,165.3,18597,10278,5
Unranked,75,16,5.5,10.6,3.3,7.3,177.8,22910,12551,32
Gold 2,57,49,3.29,7.0,5.1,9.7,146.4,14477,11665,30
Gold 2,62,34,3.26,10.3,4.8,5.4,159.1,23445,11936,49
Unranked,78,18,3.26,12.6,5.6,5.7,165.3,24515,12727,31
Gold 2,58,26,3.16,2.4,5.8,16.1,14.6,9640,8334,2
Gold 2,46,70,2.01,7.9,6.9,6.0,154.4,19206,11535,39
Challenger,71,186,4.04,9.3,3.9,6.5,178.6,19218,12539,339
Challenger,57,89,2.63,5.4,3.9,4.9,221.2,21487,11776,62
Challenger,56,97,3.53,8.0,4.4,7.5,164.0,18649,11391,101
Challenger,54,76,2.01,6.0,8.4,10.9,35.4,9925,10080,39
Challenger,49,424,1.76,5.7,5.9,4.8,180.5,17668,11079,297
Challenger,60,52,2.79,5.1,4.3,6.8,197.5,15396,10634,23
Challenger,66,165,5.29,5.7,2.5,7.5,172.9,18992,10399,79
Challenger,60,208,3.3,1.4,4.8,14.4,29.6,5271,7098,5
Challenger,58,342,2.74,3.9,4.5,8.5,176.3,15681,10511,88
Challenger,56,154,4.41,7.1,3.8,9.4,142.1,15414,10687,107
Challenger,52,199,2.97,4.9,4.9,9.7,38.9,8151,9575,108
Challenger,60,402,3.12,8.1,4.5,5.9,185.1,19247,11607,471
Challenger,58,350,3.43,8.3,4.6,7.5,155.9,18701,11319,326
Challenger,58,116,3.24,6.2,3.9,6.4,200.3,22708,11474,115
Challenger,49,73,1.95,4.9,5.5,5.8,173.3,18508,10699,31
Unranked,71,62,4.15,11.6,4.6,7.5,131.9,20836,12601,61
Gold 2,61,311,2.58,5.9,4.2,5.0,206.2,21125,12546,169
Unranked,59,151,3.21,5.0,4.8,10.5,161.0,17227,10683,45
Gold 2,46,24,2.23,9.1,6.8,6.1,204.4,21994,13445,36
Gold 2,62,65,3.12,8.3,4.8,6.8,158.0,20477,11461,45
Gold 2,71,80,2.47,11.0,5.5,2.6,239.3,25826,15787,95
Gold 2,52,66,2.95,1.0,5.4,14.9,11.8,5643,7779,0
Gold 2,56,16,2.57,10.7,6.5,6.0,213.8,24674,14057,31
Unranked,63,8,2.45,6.4,5.5,7.1,153.0,14950,10421,9
Gold 2,65,26,2.79,10.0,7.0,9.7,148.0,25801,11697,35
Unranked,56,9,3.71,8.3,4.7,9.0,171.0,20614,12217,7
Unranked,54,120,3.63,6.4,4.1,8.4,164.0,22526,11178,74
Gold 2,43,7,1.58,7.0,8.6,6.6,224.3,20754,13160,5
Gold 2,58,81,3.17,9.5,6.1,9.8,170.7,22232,12763,111
Gold 2,53,587,2.39,7.5,6.4,7.9,170.2,24179,11760,591
Gold 2,66,41,3.78,15.0,5.5,5.9,179.8,32223,14695,77
Unranked,67,21,3.88,8.7,3.9,6.3,153.9,15125,11587,16
Challenger,60,257,3.19,8.0,4.7,7.0,170.6,18965,11151,251
Challenger,58,342,2.74,3.9,4.5,8.5,176.3,15681,10511,88
Challenger,57,190,2.87,5.5,3.8,5.3,193.7,15170,11154,101
Challenger,61,395,2.18,8.2,5.4,3.6,196.1,19557,12247,449
Challenger,61,43,2.4,7.8,5.8,6.0,232.6,23001,13607,35
Unranked,60,122,4.23,7.4,3.4,6.8,201.4,18505,12242,129
Challenger,66,64,3.12,9.1,5.5,7.9,196.9,29241,12542,101
Challenger,57,157,3.51,8.7,4.4,6.7,165.0,17607,11728,245
Challenger,58,350,3.43,8.3,4.6,7.5,155.9,18701,11319,326
Challenger,58,137,5.68,10.7,3.0,6.5,182.7,24476,12755,169
Challenger,57,28,2.25,11.1,9.3,9.8,208.3,33849,14093,58
Gold 2,78,9,3.19,6.2,3.4,4.8,192.4,23457,11048,7
Unranked,13,8,2.05,0.6,5.4,10.4,4.6,4782,6384,0
Gold 2,55,74,2.36,9.6,6.8,6.6,203.3,22678,13410,150
Unranked,58,26,3.16,1.0,5.1,15.1,14.8,4563,7546,2
Gold 2,60,45,3.0,7.5,5.6,9.3,199.6,20871,12458,68
Gold 2,60,120,2.44,9.1,6.9,7.7,202.3,28399,13301,175
Unranked,53,94,1.94,6.9,6.7,6.2,198.2,18581,12794,89
Unranked,65,100,2.77,10.8,6.0,5.8,194.5,28676,13368,223
Unranked,58,173,2.26,4.5,7.2,11.8,50.5,23699,9927,55
Gold 2,50,151,2.39,7.3,6.5,8.3,122.4,18671,10480,91
Unranked,63,43,3.72,6.2,3.6,7.3,167.7,17932,11531,20
Unranked,53,36,3.13,9.9,5.2,6.3,192.6,20671,13097,96
Unranked,63,16,2.85,2.7,5.9,14.3,38.8,10657,7904,1
Gold 2,54,262,2.5,8.9,6.5,7.3,181.3,22538,12713,231
Gold 2,49,84,1.73,8.1,7.8,5.4,169.8,22549,12015,91
Unranked,59,155,2.91,10.4,5.6,6.0,209.3,23737,13755,495
Unranked,54,265,1.43,5.4,7.7,5.6,179.2,23883,11717,77
Unranked,100,3,9.67,14.3,2.0,5.0,144.3,21361,13272,5
Gold 2,55,40,2.99,9.4,5.6,7.3,206.6,28970,13511,74
Unranked,67,21,3.55,8.9,3.7,4.1,217.9,18883,13373,34
Unranked,50,18,3.17,12.5,6.7,8.8,215.2,31252,14901,45
Gold 2,51,35,2.54,6.9,5.7,7.7,192.4,23611,12847,23
Gold 2,59,65,4.39,6.2,4.9,15.2,135.1,18756,11434,28
Gold 2,52,269,2.74,2.6,5.8,13.2,21.1,9743,8272,16
Gold 2,47,114,2.38,6.1,4.6,4.8,203.6,17288,12266,43
Gold 2,39,18,2.57,7.8,5.2,5.5,202.9,19321,11929,20
Gold 2,73,11,3.66,14.3,6.1,8.0,216.6,44319,16361,21
Unranked,57,53,2.52,6.1,5.4,7.5,129.7,18899,10525,28
Gold 2,64,222,4.85,2.4,3.5,14.6,138.1,7377,9720,21
Unranked,52,31,2.05,3.4,4.0,4.8,161.4,12654,9534,9
Gold 2,52,21,2.98,10.6,6.5,8.8,143.5,21157,12750,22
Unranked,31,13,2.77,3.2,5.7,12.5,42.8,19147,9374,3
Unranked,53,17,2.85,8.5,5.4,6.9,190.8,20275,12469,20
Gold 2,54,161,2.64,6.3,4.8,6.3,221.7,28935,13334,78
Gold 2,58,24,3.46,1.5,5.5,17.7,30.8,5652,8045,1
Unranked,63,8,2.31,7.6,6.1,6.5,167.9,20469,11723,8
Gold 2,58,43,3.14,7.1,5.1,8.9,126.6,14868,11015,20
Unranked,73,11,2.58,8.1,4.7,4.1,157.8,18060,10788,5
Unranked,55,20,3.01,8.9,4.7,5.3,214.7,21701,12903,25
Unranked,47,19,4.31,1.5,3.7,14.6,7.3,5271,6860,1
Unranked,65,119,2.9,5.7,5.5,10.3,168.2,17109,11422,83
Gold 2,67,52,2.63,10.1,6.4,6.8,176.5,23127,12703,77
Unranked,50,14,4.0,2.9,3.3,10.3,153.1,10453,9701,4
Gold 2,60,10,2.78,3.6,4.6,9.2,202.7,23479,12433,4
Unranked,73,11,3.46,13.2,5.4,5.4,159.5,24762,12770,34
Gold 2,71,7,2.0,6.9,6.1,5.4,217.7,22586,13571,3
Unranked,50,8,2.33,8.3,8.4,11.3,184.5,25596,13669,8
Unranked,58,19,2.19,7.6,5.7,5.0,205.8,17932,12360,24
Challenger,57,171,4.02,6.9,3.2,6.1,170.0,17725,10805,110
Challenger,53,198,2.97,7.3,4.8,6.9,146.9,15767,10777,230
Challenger,49,424,1.76,5.7,5.9,4.8,180.5,17668,11079,297
Challenger,68,34,2.89,8.1,5.8,8.6,158.7,19225,11184,26
Challenger,41,37,1.64,6.8,6.3,3.6,214.6,18239,11940,36
Challenger,60,257,3.19,8.0,4.7,7.0,170.6,18965,11151,251
Master,57,21,2.18,8.5,7.0,6.9,237.7,21018,13898,27
Challenger,59,88,2.5,6.4,5.2,6.6,199.6,23707,11570,80
Challenger,61,395,2.18,8.2,5.4,3.6,196.1,19557,12247,449
Challenger,60,402,3.12,8.1,4.5,5.9,185.1,19247,11607,471
Challenger,57,157,3.51,8.7,4.4,6.7,165.0,17607,11728,245
Challenger,55,139,3.82,7.2,3.8,7.4,167.1,19365,10897,78
Challenger,62,167,2.59,6.6,4.5,5.0,199.0,15760,11440,224
Unranked,64,22,3.59,7.6,3.9,6.3,228.6,25514,13205,11
Unranked,56,27,1.72,3.3,6.0,6.9,207.9,16904,12359,3
Gold 3,59,32,2.1,7.5,6.4,5.9,195.3,19949,12888,28
Gold 3,50,44,1.86,5.4,6.3,6.4,186.4,24760,11731,17
Gold 3,56,9,1.81,6.4,7.0,6.2,236.8,19208,14581,9
Unranked,50,2,2.0,0.0,4.5,9.0,37.0,4580,6549,0
Unranked,59,17,2.59,5.8,5.1,7.3,142.9,14037,10180,8
Gold 3,54,52,1.53,6.7,7.3,4.3,217.5,18639,12133,42
Gold 3,61,44,2.94,7.7,4.3,5.1,194.0,23211,13268,62
Gold 3,62,26,2.77,6.6,5.0,7.4,160.6,13245,11676,16
Unranked,46,55,2.6,9.0,7.2,9.7,183.1,22574,12883,67
Challenger,58,626,2.7,7.5,5.3,6.7,190.4,18080,11840,647
Challenger,60,105,3.5,7.8,4.3,7.2,159.0,16167,11439,154
Challenger,55,760,2.52,9.2,5.8,5.4,184.4,21518,12103,817
Challenger,64,118,3.54,1.7,4.6,14.6,35.2,5422,7542,7
Challenger,61,182,3.21,8.9,4.3,4.9,183.8,20226,11578,273
Challenger,59,88,2.5,6.4,5.2,6.6,199.6,23707,11570,80
Challenger,50,48,2.76,11.4,6.3,6.0,170.4,23546,12770,55
Challenger,52,199,2.97,4.9,4.9,9.7,38.9,8151,9575,108
Challenger,55,145,3.2,7.4,4.3,6.5,212.2,19935,12539,146
Challenger,57,28,2.25,11.1,9.3,9.8,208.3,33849,14093,58
Gold 3,62,362,2.29,8.1,5.9,5.5,187.5,23010,12883,208
Gold 3,63,40,3.59,11.2,5.0,6.6,234.1,26432,15031,95
Gold 3,73,22,3.97,15.1,6.8,11.8,171.1,29142,16045,38
Unranked,58,802,3.33,6.5,6.1,13.7,142.8,18482,11327,511
Gold 3,59,140,2.82,7.1,5.2,7.6,210.1,23247,12945,120
Challenger,58,342,2.74,3.9,4.5,8.5,176.3,15681,10511,88
Challenger,61,344,2.98,4.8,5.4,11.2,136.7,15290,9574,123
Challenger,62,157,2.71,9.4,5.5,5.4,174.0,21566,11968,168
Challenger,57,157,3.51,8.7,4.4,6.7,165.0,17607,11728,245
Challenger,58,350,3.43,8.3,4.6,7.5,155.9,18701,11319,326
Challenger,58,116,3.24,6.2,3.9,6.4,200.3,22708,11474,115
Gold 3,55,234,3.26,7.3,5.2,9.7,175.8,22143,11828,174
Gold 3,44,179,2.34,6.2,5.9,7.7,53.1,9085,10999,147
Unranked,59,32,2.66,8.3,6.7,9.4,184.8,22949,12801,42
Unranked,64,88,2.34,7.0,5.3,5.4,203.6,18678,12999,86
Unranked,56,75,1.72,6.5,7.2,5.9,157.0,22094,11472,31
Gold 3,65,46,2.1,10.3,8.2,7.0,155.3,27199,12514,54
Unranked,69,13,2.12,5.5,5.2,5.5,134.8,12860,9897,6
Gold 3,64,47,2.56,9.4,6.9,8.4,197.6,23004,13481,64
Gold 3,38,21,1.85,7.4,7.9,7.1,179.0,24430,12039,21
Gold 3,50,20,2.75,6.0,4.7,6.9,182.2,19873,11469,15
Unranked,47,15,2.2,4.0,6.6,10.5,140.1,13230,10048,3
Unranked,55,177,3.49,2.5,4.7,13.7,68.9,14344,8914,12
Unranked,67,12,3.39,8.3,4.1,5.5,179.1,19093,11556,18
Gold 3,52,71,1.91,7.6,7.1,5.9,212.2,23273,13064,70
Unranked,75,8,3.15,2.8,5.1,13.4,38.0,7792,8800,2
Unranked,43,40,2.18,6.6,6.5,7.6,165.2,17483,11477,30
Unranked,64,14,2.84,10.1,6.6,8.6,226.5,27929,14329,24
Unranked,57,7,2.12,11.4,8.3,6.1,195.6,27606,13652,13
Unranked,56,9,3.23,9.6,4.9,6.2,226.6,20912,13944,24
Unranked,63,8,2.12,6.3,7.4,9.4,155.9,23369,12279,5
Gold 3,52,25,2.35,4.5,5.6,8.6,160.4,13348,10621,7
Gold 3,48,23,1.94,4.0,6.3,8.1,169.0,18443,10465,9
Gold 3,52,137,2.5,6.7,4.5,4.6,230.2,18792,13246,69
Challenger,57,184,1.92,5.1,4.9,4.2,211.2,17346,11609,96
Challenger,55,145,3.2,7.4,4.3,6.5,212.2,19935,12539,146
Unranked,60,122,4.23,7.4,3.4,6.8,201.4,18505,12242,129
Challenger,60,269,4.21,1.6,3.7,13.9,17.4,5846,7292,19
Challenger,61,319,2.41,8.3,7.5,9.8,201.0,29239,12401,362
Gold 3,56,64,2.77,8.8,5.3,5.8,176.0,19688,12436,123
Gold 3,47,19,1.68,5.9,6.8,5.6,171.1,16001,11267,16
Gold 3,49,285,2.77,3.3,5.5,12.0,42.0,13195,8984,31
Gold 3,51,84,2.9,11.7,6.6,7.6,146.7,19077,12955,102
Unranked,61,41,2.65,8.0,5.3,6.0,172.0,15475,12036,38
Gold 3,52,64,2.28,4.9,5.8,8.3,151.4,20478,10227,21
Unranked,49,49,2.89,6.3,4.9,7.8,169.8,14135,11424,25
Gold 3,63,46,2.07,8.0,7.2,7.0,158.7,19493,11430,38
Gold 3,58,243,2.89,6.7,5.2,8.4,198.1,25264,12260,135
Unranked,52,29,2.22,3.1,7.1,12.7,47.9,14698,9021,2
Gold 3,66,61,2.36,8.0,6.8,7.9,185.0,22698,12763,55
Gold 3,64,59,3.03,8.9,5.2,6.8,153.1,21770,11825,71
Gold 3,63,19,3.49,7.6,4.2,7.1,195.5,26834,13077,18
Unranked,50,24,3.6,9.3,5.1,9.1,184.3,21959,13572,24
Unranked,47,17,2.29,5.5,4.5,4.7,145.1,14883,9653,3
Gold 3,47,151,2.31,6.3,7.7,11.4,62.6,26119,10702,74
Unranked,56,27,3.39,4.0,3.7,8.4,144.1,15623,9637,9
Gold 3,44,45,2.81,6.5,5.7,9.6,115.9,20960,11022,19
Unranked,67,6,1.55,3.0,4.8,4.5,178.8,15043,10492,0
Unranked,38,8,2.8,9.0,5.1,5.4,199.9,17986,12417,12
Gold 3,59,83,2.58,9.2,5.8,5.7,152.0,18229,11814,99
Gold 3,49,59,2.01,5.1,6.7,8.4,174.6,21411,11164,19
Gold 4,50,36,2.46,5.5,5.0,6.8,178.8,15153,11537,26
Gold 3,51,159,2.97,7.8,4.9,6.8,181.8,21966,12054,146
Gold 3,59,29,2.85,9.3,6.5,9.2,182.4,24977,13143,39
Challenger,50,48,2.76,11.4,6.3,6.0,170.4,23546,12770,55
Challenger,59,184,3.11,7.5,4.4,6.1,211.1,19240,12530,166
Challenger,53,136,4.32,7.5,3.6,8.1,160.1,15582,11485,121
Challenger,58,350,3.43,8.3,4.6,7.5,155.9,18701,11319,326
Challenger,62,167,2.59,6.6,4.5,5.0,199.0,15760,11440,224
Challenger,66,68,3.27,5.2,4.2,8.5,152.4,17943,10722,13
Challenger,73,114,3.86,4.3,3.7,10.1,119.8,13279,8616,30
Gold 4,66,38,1.94,9.3,6.7,3.6,201.9,22365,13709,48
Unranked,50,8,2.53,6.8,5.4,6.9,173.0,17499,10979,6
Gold 4,59,34,5.55,1.1,2.9,15.2,3.2,5744,7005,0
Gold 4,50,28,1.58,7.7,8.4,5.5,184.4,29249,12947,20
Gold 4,51,45,2.53,5.9,7.1,12.1,50.8,24025,10725,19
Unranked,39,18,3.14,5.4,3.9,6.9,134.7,12767,10083,10
Gold 4,59,68,3.75,2.4,5.3,17.4,28.5,11348,8970,1
Gold 4,60,15,2.48,3.6,6.3,12.1,37.8,21464,8849,4
Unranked,65,17,2.54,6.0,5.9,8.9,186.4,21757,11967,5
Unranked,42,12,2.9,10.4,7.0,9.9,153.3,27524,12911,15
Gold 4,65,376,2.79,7.7,6.5,10.3,153.1,27065,11618,350
Gold 4,85,13,3.88,3.3,6.0,20.0,50.2,17823,10591,1
Gold 4,53,58,2.46,5.0,4.9,7.0,166.7,21358,11071,26
Gold 4,49,131,2.5,7.8,6.2,7.6,177.7,19812,12151,125
Gold 4,54,208,3.08,2.1,5.2,13.8,33.3,6691,8111,11
Gold 4,67,39,4.44,3.0,4.1,15.0,35.2,11036,8989,7
Unranked,63,38,2.61,13.1,7.8,7.4,150.8,30926,13227,89
Unranked,60,10,2.6,6.8,5.5,7.5,163.4,16252,10983,9
Unranked,67,15,3.19,12.8,6.4,7.6,219.5,31769,15361,40
Challenger,43,49,2.86,10.9,6.0,6.2,191.8,24041,13079,61
Challenger,53,198,2.97,7.3,4.8,6.9,146.9,15767,10777,230
Challenger,49,424,1.76,5.7,5.9,4.8,180.5,17668,11079,297
Challenger,58,404,2.86,7.3,4.8,6.3,160.4,18436,11007,336
Challenger,60,208,3.3,1.4,4.8,14.4,29.6,5271,7098,5
Master,57,21,2.18,8.5,7.0,6.9,237.7,21018,13898,27
Challenger,59,147,2.68,6.0,4.7,6.6,176.2,17342,10935,78
Challenger,50,48,2.76,11.4,6.3,6.0,170.4,23546,12770,55
Challenger,56,154,4.41,7.1,3.8,9.4,142.1,15414,10687,107
Challenger,64,53,2.43,6.2,4.8,5.4,183.7,17304,11353,37
Challenger,51,65,3.07,8.6,4.7,6.0,202.3,19306,12446,111
Challenger,59,87,3.4,8.0,3.9,5.2,216.9,18092,12308,123
Challenger,60,269,4.21,1.6,3.7,13.9,17.4,5846,7292,19
Challenger,58,137,5.68,10.7,3.0,6.5,182.7,24476,12755,169
Challenger,58,116,3.24,6.2,3.9,6.4,200.3,22708,11474,115
Gold 4,54,107,3.3,7.5,4.8,8.5,211.8,21620,13285,124
Unranked,55,11,2.62,7.9,4.7,4.5,204.0,19447,12461,15
Unranked,57,28,2.47,7.8,7.9,11.7,43.3,31954,11177,31
Gold 4,49,123,1.84,9.2,8.5,6.5,164.3,27928,12396,136
Gold 4,46,33,2.18,6.5,6.9,8.6,140.6,15773,11133,12
Unranked,60,10,2.39,7.0,5.6,6.4,180.6,14344,11572,7
Gold 4,74,42,4.1,9.8,4.0,6.7,169.1,25598,12339,55
Gold 4,59,68,1.42,5.2,6.5,4.0,209.9,23566,11989,40
Gold 4,51,84,1.78,7.5,9.0,8.4,167.6,26045,12246,78
Gold 4,65,43,1.98,8.8,6.6,4.3,223.7,34717,13812,51
Gold 4,54,560,2.17,11.9,8.4,6.3,161.8,22268,13519,1579
Gold 4,48,31,2.21,1.2,6.0,12.1,35.4,5902,7182,1
Gold 4,53,60,1.64,4.7,7.2,7.0,160.3,26887,10935,21
Unranked,66,64,4.17,7.6,4.9,12.9,50.5,25031,10850,68
Unranked,58,12,1.86,7.0,7.2,6.3,193.8,20270,12274,7
Challenger,59,708,3.75,2.4,4.4,14.2,13.7,9243,7538,69
Challenger,63,51,1.79,7.7,7.1,4.9,210.4,19709,12350,53
Challenger,52,138,3.31,8.0,4.6,7.1,151.9,17470,11338,197
Challenger,55,760,2.52,9.2,5.8,5.4,184.4,21518,12103,817
Challenger,60,208,3.3,1.4,4.8,14.4,29.6,5271,7098,5
Challenger,50,48,2.76,11.4,6.3,6.0,170.4,23546,12770,55
Challenger,71,31,3.9,8.8,4.4,8.2,144.8,16834,11696,30
Challenger,59,496,5.02,2.0,3.4,15.1,26.0,8074,8020,31
Challenger,60,140,2.72,8.6,5.7,6.8,219.6,19224,13215,222
Unranked,60,58,4.0,6.5,4.0,9.6,162.2,23588,11025,34
Gold 4,53,106,3.47,8.7,4.8,8.1,140.9,15512,11952,102
Unranked,46,33,2.35,8.7,6.6,6.8,97.5,13122,9911,29
Gold 4,48,56,4.45,11.6,4.2,7.1,170.4,26091,12953,129
Unranked,55,11,2.57,2.0,5.7,12.7,31.3,6824,7337,1
Gold 4,58,59,2.06,8.9,7.0,5.6,195.5,22620,13664,79
Unranked,46,28,2.05,6.4,6.5,7.0,148.4,16097,10427,19
Unranked,59,76,3.33,1.5,5.2,15.9,16.5,7593,7982,1
Gold 4,71,17,3.12,5.5,4.3,7.9,164.8,19770,10192,13
Challenger,57,184,1.92,5.1,4.9,4.2,211.2,17346,11609,96
Challenger,60,402,3.12,8.1,4.5,5.9,185.1,19247,11607,471
Challenger,60,137,2.76,6.7,4.8,6.6,198.0,23217,11635,159
Challenger,61,319,2.41,8.3,7.5,9.8,201.0,29239,12401,362
Unranked,63,46,3.77,1.0,4.5,16.0,15.7,4964,7849,0
Unranked,49,55,1.28,6.2,7.8,3.8,191.6,23077,13017,42
Gold 4,58,623,3.29,5.7,5.5,12.3,40.3,20358,9817,379
Gold 4,55,244,3.01,8.5,5.5,8.0,149.6,22429,11483,252
Unranked,59,17,2.81,7.9,5.8,8.4,199.9,25281,12805,18
Gold 4,17,6,1.66,5.8,6.8,5.5,199.2,17619,11625,4
Gold 4,52,145,2.74,9.0,5.3,5.6,186.4,21964,12348,125
Unranked,62,47,3.29,8.8,6.0,10.9,149.3,19765,12549,38
Unranked,100,4,3.63,3.3,4.0,11.3,149.0,12900,9775,1
Gold 4,65,17,3.74,8.8,4.1,6.4,200.8,19073,12631,29
Gold 4,57,384,3.01,6.6,4.4,6.8,199.6,18296,12885,278
Gold 4,47,30,3.05,8.4,5.1,7.2,206.8,28166,13193,52
Gold 4,50,125,2.19,7.0,6.3,6.8,175.3,20833,11752,87
Gold 4,43,63,2.35,3.9,4.7,7.2,166.9,16781,10308,13
Gold 4,60,37,2.26,9.1,6.3,5.2,217.0,23440,14164,62
Unranked,56,48,2.47,10.2,6.1,5.0,222.6,23675,13850,82
Gold 4,53,40,2.45,6.1,6.2,9.2,116.1,15048,10290,11
Gold 4,56,101,2.88,6.7,5.6,9.4,171.8,20957,11538,83
Gold 4,75,20,3.35,4.6,5.3,13.1,52.9,13487,8970,2
Challenger,59,708,3.75,2.4,4.4,14.2,13.7,9243,7538,69
Challenger,71,186,4.04,9.3,3.9,6.5,178.6,19218,12539,339
Challenger,52,220,2.38,5.8,5.3,6.7,209.4,21095,11597,88
Challenger,52,138,3.31,8.0,4.6,7.1,151.9,17470,11338,197
Challenger,66,165,5.29,5.7,2.5,7.5,172.9,18992,10399,79
Challenger,60,208,3.3,1.4,4.8,14.4,29.6,5271,7098,5
Challenger,58,365,3.91,6.5,3.5,7.2,206.2,20048,11788,194
Challenger,59,88,2.5,6.4,5.2,6.6,199.6,23707,11570,80
Challenger,51,65,3.07,8.6,4.7,6.0,202.3,19306,12446,111
Challenger,62,157,2.71,9.4,5.5,5.4,174.0,21566,11968,168
Challenger,55,145,3.2,7.4,4.3,6.5,212.2,19935,12539,146
Challenger,60,140,2.72,8.6,5.7,6.8,219.6,19224,13215,222
Challenger,60,269,4.21,1.6,3.7,13.9,17.4,5846,7292,19
Challenger,58,116,3.24,6.2,3.9,6.4,200.3,22708,11474,115
Gold 4,57,115,2.18,9.6,6.4,4.4,198.5,23783,13510,180
Gold 4,52,220,2.34,2.0,8.0,16.7,20.9,11497,8557,12
Gold 4,59,101,1.78,9.8,8.5,5.4,143.9,23255,11837,202
Gold 4,60,10,3.08,10.5,8.0,14.1,158.9,29927,13470,8
Gold 4,53,47,2.16,4.6,5.8,7.9,175.7,22492,11590,16
Unranked,47,15,2.89,4.5,4.7,9.0,170.7,15704,10220,10
Gold 4,49,47,2.54,6.3,5.7,8.2,44.2,16769,9515,21
Unranked,62,13,3.12,7.4,4.5,6.8,152.2,13892,10647,11
Unranked,70,20,4.34,11.8,4.5,7.6,198.0,24410,13931,35
Unranked,53,114,2.53,7.0,6.0,8.2,191.8,25774,12242,118
Unranked,58,64,3.46,7.3,4.5,8.1,186.0,18035,12019,59
Unranked,56,80,3.53,4.0,5.3,14.8,30.0,16764,9252,22
Gold 4,63,30,2.58,2.4,7.1,15.9,36.5,7104,8371,1
Gold 4,68,53,1.82,9.3,7.5,4.2,190.1,24596,13409,59
Challenger,71,186,4.04,9.3,3.9,6.5,178.6,19218,12539,339
Challenger,71,62,3.94,7.3,4.1,9.0,138.8,15469,11125,39
Challenger,52,138,3.31,8.0,4.6,7.1,151.9,17470,11338,197
Challenger,55,760,2.52,9.2,5.8,5.4,184.4,21518,12103,817
Challenger,64,118,3.54,1.7,4.6,14.6,35.2,5422,7542,7
Challenger,58,365,3.91,6.5,3.5,7.2,206.2,20048,11788,194
Master,57,21,2.18,8.5,7.0,6.9,237.7,21018,13898,27
Challenger,57,190,2.87,5.5,3.8,5.3,193.7,15170,11154,101
Challenger,61,344,2.98,4.8,5.4,11.2,136.7,15290,9574,123
Challenger,56,239,3.97,5.4,3.5,8.6,171.9,23000,10652,101
Challenger,59,496,5.02,2.0,3.4,15.1,26.0,8074,8020,31
Unranked,60,122,4.23,7.4,3.4,6.8,201.4,18505,12242,129
Challenger,61,372,2.68,6.3,4.1,4.6,210.9,16249,11890,287
Challenger,62,167,2.59,6.6,4.5,5.0,199.0,15760,11440,224
Challenger,53,148,3.69,6.9,4.2,8.8,158.3,15437,11244,128
Unranked,53,38,2.39,3.9,5.6,9.6,52.8,12717,9001,11
Unranked,67,12,2.45,11.1,7.9,8.3,169.3,24142,12490,27
Unranked,45,20,1.87,7.6,7.1,5.7,180.5,19665,12037,23
Gold 4,61,44,3.64,4.7,4.3,11.0,50.6,21088,9519,7
Unranked,59,22,1.77,8.9,9.6,8.0,239.5,28919,16512,21
Unranked,59,179,3.1,5.3,5.2,10.7,51.7,22941,10037,65
Unranked,61,41,1.88,6.4,7.2,7.1,158.0,16482,11296,29
Gold 4,59,172,1.86,6.3,6.9,6.5,179.3,25134,12592,66
Gold 4,65,115,2.74,1.2,6.5,16.7,10.9,6727,7900,4
Unranked,60,20,2.24,9.6,6.2,4.2,184.9,20513,11833,34
Unranked,40,10,1.51,5.5,7.3,5.5,127.4,17462,9663,0
Unranked,56,87,2.71,2.6,6.0,13.7,47.2,9224,8242,6
Unranked,65,17,3.62,1.5,4.8,15.8,14.8,8769,7799,0
Gold 4,60,15,2.43,9.7,6.2,5.3,228.7,27586,15077,18
Gold 4,60,20,3.35,1.2,4.0,12.1,33.4,3411,6742,0
Unranked,61,23,4.22,7.4,3.9,9.0,183.1,17746,12430,17
Unranked,60,90,4.19,2.5,3.6,12.5,36.1,7095,8228,5
Unranked,67,12,4.33,6.3,3.0,6.7,193.8,24211,11552,4
Gold 4,54,26,2.5,9.8,6.2,5.5,183.5,24278,12864,36
Unranked,69,35,3.28,9.7,5.3,7.7,186.5,20805,12813,58
Challenger,55,148,2.96,7.0,5.4,8.9,134.4,14831,10801,91
Challenger,58,626,2.7,7.5,5.3,6.7,190.4,18080,11840,647
Challenger,57,89,2.63,5.4,3.9,4.9,221.2,21487,11776,62
Challenger,60,105,3.5,7.8,4.3,7.2,159.0,16167,11439,154
Challenger,49,424,1.76,5.7,5.9,4.8,180.5,17668,11079,297
Challenger,65,293,3.78,4.2,3.9,10.6,134.4,12079,9092,61
Challenger,66,165,5.29,5.7,2.5,7.5,172.9,18992,10399,79
Challenger,59,400,2.05,5.9,6.2,6.7,147.1,18824,10413,179
Challenger,60,208,3.3,1.4,4.8,14.4,29.6,5271,7098,5
Challenger,58,365,3.91,6.5,3.5,7.2,206.2,20048,11788,194
Challenger,57,718,2.65,7.8,5.5,6.8,144.2,15616,10892,393
Challenger,60,119,2.86,8.6,4.9,5.5,226.7,20517,13213,174
Challenger,64,53,2.43,6.2,4.8,5.4,183.7,17304,11353,37
Challenger,61,43,2.4,7.8,5.8,6.0,232.6,23001,13607,35
Challenger,56,590,3.47,2.9,4.1,11.2,127.9,12397,8598,80
Challenger,49,73,1.95,4.9,5.5,5.8,173.3,18508,10699,31
Challenger,53,148,3.69,6.9,4.2,8.8,158.3,15437,11244,128
Gold 4,46,11,4.24,3.9,4.2,13.8,145.9,14365,10588,3
Gold 4,53,19,2.78,1.9,4.6,10.8,30.1,9330,8053,3
Gold 4,46,11,2.26,7.6,6.3,6.5,189.5,17078,11874,22
Unranked,83,6,4.74,7.7,3.2,7.3,178.7,14569,11986,11
Gold 4,40,15,2.63,4.4,6.1,11.7,131.0,15722,10159,3
Gold 4,50,40,3.72,9.8,4.4,6.7,197.5,22032,13817,53
Gold 4,58,73,1.85,7.7,7.0,5.3,213.9,20415,13205,79
Gold 4,49,72,2.59,8.7,5.5,5.6,201.2,20871,13196,121
Unranked,57,21,2.1,5.1,6.1,7.7,106.7,13909,9528,9
Unranked,65,46,3.34,10.6,4.9,5.8,276.9,30742,16814,56
Gold 4,57,354,3.41,5.2,5.0,12.0,161.0,16549,11440,123
Unranked,38,16,2.02,5.8,7.6,9.6,135.6,21557,10804,7
Gold 4,60,52,1.49,5.7,7.8,5.8,155.2,14389,11151,20
Gold 4,42,19,2.73,7.1,5.3,7.5,187.7,19082,12079,22
Unranked,17,6,2.88,4.8,5.5,11.0,182.8,25319,11220,0
Gold 4,55,113,2.5,5.1,4.8,6.9,151.1,20505,10686,44
Gold 4,66,73,3.47,7.3,5.1,10.2,182.8,23262,12239,71
Gold 4,53,152,3.75,8.1,4.6,9.0,182.6,19113,12399,159
Challenger,52,138,3.31,8.0,4.6,7.1,151.9,17470,11338,197
Challenger,55,760,2.52,9.2,5.8,5.4,184.4,21518,12103,817
Challenger,58,365,3.91,6.5,3.5,7.2,206.2,20048,11788,194
Challenger,57,1016,2.32,6.5,5.4,6.1,161.7,18909,10537,684
Challenger,50,48,2.76,11.4,6.3,6.0,170.4,23546,12770,55
Challenger,71,31,3.9,8.8,4.4,8.2,144.8,16834,11696,30
Challenger,66,64,3.12,9.1,5.5,7.9,196.9,29241,12542,101
Challenger,58,137,5.68,10.7,3.0,6.5,182.7,24476,12755,169
Challenger,73,114,3.86,4.3,3.7,10.1,119.8,13279,8616,30
Unranked,66,29,3.69,13.1,5.1,5.9,201.4,30780,14771,75
Silver 1,54,48,3.15,6.3,5.4,10.8,180.2,17316,12358,25
Silver 1,100,4,5.85,11.0,3.3,8.0,294.5,37186,17675,7
Unranked,61,18,2.56,9.2,6.1,6.4,184.6,20839,12882,17
Unranked,61,36,2.03,5.9,6.0,6.3,182.8,19870,12271,21
Silver 1,63,16,3.53,2.3,3.4,9.9,33.7,10706,7929,1
Silver 1,71,21,4.03,6.4,2.8,4.9,218.2,17729,13019,17
Unranked,36,11,1.66,5.9,6.2,4.4,171.0,18277,10947,4
Silver 1,80,10,10.24,1.8,1.7,15.6,17.8,3549,7305,0
Unranked,62,13,2.3,10.1,7.1,6.2,129.1,20902,11727,16
Unranked,31,13,1.51,5.9,8.0,6.2,204.6,19716,12808,7
Unranked,63,16,1.8,4.6,5.3,4.8,124.8,12015,8831,8
Silver 1,64,69,3.6,9.4,5.0,8.4,180.4,18805,12834,90
Silver 1,46,26,2.05,2.1,7.0,12.3,12.6,6880,7532,1
Silver 1,62,13,2.35,7.2,4.6,3.7,178.5,14989,11011,13
Unranked,23,13,1.45,5.4,7.5,5.5,121.8,11388,9661,5
Unranked,46,13,2.13,7.9,7.5,8.2,149.2,16175,11476,8
Unranked,75,4,4.61,18.8,5.8,7.8,186.5,40287,15909,13
Unranked,33,9,4.16,7.7,3.4,6.7,171.9,16047,11328,11
Silver 1,51,240,2.7,9.7,6.3,7.2,170.0,22522,12832,291
Unranked,29,7,3.81,10.9,5.3,9.3,156.6,35721,14067,5
Silver 1,50,12,2.44,8.3,6.7,8.0,110.8,20850,10441,6
Silver 1,59,17,2.67,8.5,6.5,8.9,181.1,21082,12698,14
Silver 1,50,16,3.11,9.6,5.1,6.3,208.2,21298,13940,27
Unranked,60,10,2.84,8.2,6.2,9.4,173.2,27002,12017,11
Silver 1,75,4,2.86,3.8,5.3,11.3,38.5,10084,8304,0
Unranked,65,17,3.52,10.0,5.0,7.6,189.4,19845,13245,21
Unranked,58,55,2.21,7.3,5.8,5.6,179.0,17090,12003,54
Challenger,66,68,3.27,5.2,4.2,8.5,152.4,17943,10722,13
Silver 1,53,187,4.22,9.4,4.2,8.5,133.8,17229,12074,208
Unranked,81,31,2.54,10.4,6.8,6.9,148.7,29357,12532,37
Unranked,57,14,2.02,8.1,6.2,4.4,177.6,18737,12267,16
Unranked,58,19,2.89,14.0,6.4,4.4,201.9,33671,14936,33
Unranked,42,19,2.54,9.2,6.0,6.1,196.3,19898,13200,41
Silver 1,50,12,2.48,4.9,7.2,12.8,122.6,13005,10845,2
Silver 1,52,535,3.51,1.9,5.1,15.9,12.4,9498,8244,29
Silver 1,55,93,3.58,7.2,5.6,12.8,125.8,18685,11818,85
Unranked,50,6,2.18,6.0,5.7,6.3,140.3,14093,9541,7
Unranked,54,39,4.48,1.6,4.4,18.1,6.9,7806,7941,1
Challenger,59,184,3.11,7.5,4.4,6.1,211.1,19240,12530,166
Challenger,60,402,3.12,8.1,4.5,5.9,185.1,19247,11607,471
Challenger,66,64,3.12,9.1,5.5,7.9,196.9,29241,12542,101
Challenger,53,136,4.32,7.5,3.6,8.1,160.1,15582,11485,121
Challenger,58,350,3.43,8.3,4.6,7.5,155.9,18701,11319,326
Challenger,60,137,2.76,6.7,4.8,6.6,198.0,23217,11635,159
Challenger,58,116,3.24,6.2,3.9,6.4,200.3,22708,11474,115
Silver 1,50,8,2.59,13.5,7.0,4.6,149.8,27063,13095,18
Unranked,29,7,2.13,4.0,6.6,10.0,46.9,13729,9228,5
Silver 1,42,50,2.42,9.9,6.6,6.0,169.6,27745,12479,79
Challenger,58,626,2.7,7.5,5.3,6.7,190.4,18080,11840,647
Challenger,71,62,3.94,7.3,4.1,9.0,138.8,15469,11125,39
Challenger,58,74,3.07,8.7,5.1,7.0,168.3,19593,11725,73
Challenger,56,1117,3.84,2.3,4.1,13.5,29.5,10136,7897,113
Challenger,59,482,2.79,8.5,5.9,7.9,66.7,13135,11395,668
Challenger,61,182,3.21,8.9,4.3,4.9,183.8,20226,11578,273
Challenger,53,192,3.29,6.2,4.0,7.0,178.8,19640,10886,110
Challenger,61,344,2.98,4.8,5.4,11.2,136.7,15290,9574,123
Challenger,59,496,5.02,2.0,3.4,15.1,26.0,8074,8020,31
Challenger,59,87,3.4,8.0,3.9,5.2,216.9,18092,12308,123
Challenger,61,372,2.68,6.3,4.1,4.6,210.9,16249,11890,287
Challenger,60,269,4.21,1.6,3.7,13.9,17.4,5846,7292,19
Challenger,55,139,3.82,7.2,3.8,7.4,167.1,19365,10897,78
Challenger,58,116,3.24,6.2,3.9,6.4,200.3,22708,11474,115
Silver 1,58,12,3.02,11.4,7.4,11.0,176.1,24957,14343,14
Unranked,59,17,4.38,6.0,3.2,8.2,201.4,23958,12205,14
Unranked,75,8,4.24,2.5,4.1,15.0,103.1,8060,8163,2
Unranked,50,10,2.35,9.6,7.4,7.8,118.9,17239,11943,7
Unranked,60,5,2.5,6.8,5.6,7.2,172.6,16213,11889,4
Silver 1,60,70,2.35,8.0,7.5,9.6,158.2,30026,12178,54
Silver 1,91,11,4.39,17.7,5.1,4.6,199.5,31075,14590,59
Silver 1,71,24,2.76,9.1,5.5,6.2,188.0,19936,12694,35
Unranked,51,69,2.46,9.9,6.6,6.3,139.1,20594,11852,81
Challenger,58,626,2.7,7.5,5.3,6.7,190.4,18080,11840,647
Challenger,50,105,2.3,5.8,5.3,6.3,201.7,19304,11438,95
Challenger,53,198,2.97,7.3,4.8,6.9,146.9,15767,10777,230
Challenger,56,97,3.53,8.0,4.4,7.5,164.0,18649,11391,101
Challenger,60,105,3.5,7.8,4.3,7.2,159.0,16167,11439,154
Challenger,58,74,3.07,8.7,5.1,7.0,168.3,19593,11725,73
Challenger,55,760,2.52,9.2,5.8,5.4,184.4,21518,12103,817
Challenger,66,165,5.29,5.7,2.5,7.5,172.9,18992,10399,79
Challenger,60,208,3.3,1.4,4.8,14.4,29.6,5271,7098,5
Challenger,57,190,2.87,5.5,3.8,5.3,193.7,15170,11154,101
Challenger,56,239,3.97,5.4,3.5,8.6,171.9,23000,10652,101
Challenger,59,87,3.4,8.0,3.9,5.2,216.9,18092,12308,123
Challenger,60,269,4.21,1.6,3.7,13.9,17.4,5846,7292,19
Challenger,62,167,2.59,6.6,4.5,5.0,199.0,15760,11440,224
Challenger,58,626,2.7,7.5,5.3,6.7,190.4,18080,11840,647
Challenger,61,215,2.41,7.5,5.5,5.7,216.8,20748,12609,226
Challenger,46,44,3.85,7.5,4.0,7.9,243.4,19675,13251,42
Challenger,53,198,2.97,7.3,4.8,6.9,146.9,15767,10777,230
Challenger,68,34,2.89,8.1,5.8,8.6,158.7,19225,11184,26
Challenger,59,482,2.79,8.5,5.9,7.9,66.7,13135,11395,668
Master,57,21,2.18,8.5,7.0,6.9,237.7,21018,13898,27
Challenger,59,88,2.5,6.4,5.2,6.6,199.6,23707,11570,80
Challenger,52,199,2.97,4.9,4.9,9.7,38.9,8151,9575,108
Unranked,60,122,4.23,7.4,3.4,6.8,201.4,18505,12242,129
Challenger,66,64,3.12,9.1,5.5,7.9,196.9,29241,12542,101
Challenger,55,143,3.54,1.6,4.6,14.7,31.5,5809,7170,6
Unranked,53,15,1.54,9.6,9.8,5.5,218.9,28755,14411,29
Unranked,54,13,6.09,2.3,2.5,13.2,45.8,9704,8114,1
Unranked,50,38,2.11,10.1,8.3,7.5,161.8,19301,13200,67
Silver 2,63,24,1.47,8.1,8.5,4.4,193.4,24565,13055,26
Unranked,40,10,4.13,1.7,3.2,11.5,8.7,8858,6719,1
Silver 2,44,9,2.72,8.4,5.9,7.6,164.3,18941,11866,17
Silver 2,20,5,3.12,1.0,3.4,9.6,12.2,2696,6218,0
Silver 2,49,53,2.2,1.5,7.0,13.9,21.2,7623,7927,3
Silver 2,57,7,3.41,2.0,5.3,16.0,30.1,6863,7534,0
Unranked,50,14,3.15,1.5,4.4,12.4,30.2,7290,7116,0
Silver 2,64,14,2.67,10.6,8.1,11.0,176.1,25565,13270,31
Silver 2,56,116,2.65,7.8,5.4,6.6,185.4,23635,12385,103
Silver 2,61,145,2.21,9.8,7.1,5.8,191.6,23109,13296,238
Silver 2,29,7,2.58,9.9,7.6,9.7,194.6,32321,13780,9
Unranked,46,125,3.39,8.6,4.5,6.8,166.9,20793,12177,129
Silver 2,33,12,2.38,9.5,6.6,6.2,136.5,20171,11689,19
Unranked,60,10,1.96,7.8,6.8,5.5,166.7,18696,11089,14
Silver 2,75,4,3.79,14.3,6.0,8.5,220.0,37182,15522,9
Unranked,0,2,1.33,2.0,6.0,6.0,47.5,8304,6384,0
Unranked,53,64,3.34,8.5,5.1,8.7,182.5,25659,12776,64
Unranked,52,33,2.4,6.4,5.7,7.2,195.2,17190,12270,20
Unranked,20,5,1.46,5.4,7.4,5.4,179.2,14612,10743,2
Silver 2,54,28,2.16,5.5,5.8,7.1,160.3,15462,10789,13
Unranked,52,31,1.8,8.6,7.0,4.1,164.5,21639,11849,18
Silver 2,0,3,1.48,5.3,7.0,5.0,197.3,18736,11256,2
Silver 2,66,38,2.95,9.6,6.6,10.0,130.8,19407,12176,24
Unranked,47,17,1.96,9.7,7.1,4.2,145.4,19240,11398,21
Silver 2,47,58,1.7,4.7,6.1,5.6,174.4,15661,11068,14
Unranked,50,24,1.86,6.4,6.7,6.0,178.1,17224,11955,29
Unranked,55,38,2.65,10.0,6.7,7.7,156.8,21084,13054,47
Unranked,56,52,3.03,5.3,6.1,13.1,140.2,18433,11344,27
Unranked,79,14,4.03,2.8,4.1,13.9,12.0,10625,7663,1
Silver 2,60,5,0.62,3.6,7.8,1.2,160.4,10115,8883,0
Silver 2,56,72,1.91,7.0,6.8,5.9,175.8,22455,11859,40
Silver 2,42,33,1.61,7.9,8.7,6.2,55.2,12689,10617,41
Silver 2,37,30,2.14,6.0,5.6,6.0,214.5,18539,12377,18
Unranked,75,4,6.0,8.8,3.0,9.3,157.8,20258,11169,2
Unranked,44,16,2.54,7.3,6.5,9.3,169.1,20361,11930,22
Silver 2,58,282,3.05,7.7,5.1,7.9,169.5,18993,11811,301
Silver 2,40,25,1.84,8.0,7.6,5.9,146.0,18595,11564,27
Silver 2,48,81,2.27,2.1,7.6,15.1,11.9,10418,8090,7
Unranked,61,152,2.31,8.7,7.3,8.1,155.3,23751,12990,116
Silver 2,47,38,2.26,10.8,7.8,6.9,140.6,21702,12802,86
Silver 2,63,19,1.7,5.7,7.3,6.7,127.0,16506,9829,14
Silver 2,56,59,3.66,5.5,5.3,14.0,146.4,11933,11236,26
Unranked,45,20,2.88,5.5,4.6,7.6,169.6,14463,10538,13
Silver 2,52,25,2.55,8.2,5.6,6.2,164.3,22433,12274,18
Silver 3,46,35,2.02,10.6,7.6,4.7,149.1,27005,12533,48
Silver 2,59,34,2.31,7.6,8.8,12.6,107.9,24435,12334,14
Silver 2,44,9,1.86,7.2,7.3,6.4,141.0,16921,11837,6
Unranked,38,8,1.51,5.9,6.4,3.8,157.1,13012,10479,5
Unranked,77,22,2.63,10.1,6.1,5.9,173.7,18652,12942,55
Unranked,50,10,2.97,10.9,6.1,7.2,214.9,26008,14457,18
Unranked,46,28,1.99,7.2,6.9,6.5,184.4,18151,12001,26
Unranked,44,32,1.98,4.8,5.2,5.5,125.1,12704,9033,20
Challenger,57,89,2.63,5.4,3.9,4.9,221.2,21487,11776,62
Challenger,49,424,1.76,5.7,5.9,4.8,180.5,17668,11079,297
Challenger,56,1117,3.84,2.3,4.1,13.5,29.5,10136,7897,113
Challenger,66,165,5.29,5.7,2.5,7.5,172.9,18992,10399,79
Challenger,57,1016,2.32,6.5,5.4,6.1,161.7,18909,10537,684
Challenger,59,88,2.5,6.4,5.2,6.6,199.6,23707,11570,80
Challenger,50,48,2.76,11.4,6.3,6.0,170.4,23546,12770,55
Challenger,52,199,2.97,4.9,4.9,9.7,38.9,8151,9575,108
Challenger,60,402,3.12,8.1,4.5,5.9,185.1,19247,11607,471
Challenger,57,157,3.51,8.7,4.4,6.7,165.0,17607,11728,245
Challenger,55,139,3.82,7.2,3.8,7.4,167.1,19365,10897,78
Silver 3,55,11,3.17,8.9,4.4,4.9,196.9,23299,13107,19
Unranked,40,5,2.48,5.4,5.4,8.0,162.6,15962,9804,5
Silver 3,53,91,1.77,9.5,8.2,5.1,164.2,24708,12499,114
Silver 3,61,69,3.07,2.6,6.4,17.0,37.8,8883,8528,6
Unranked,57,47,2.35,8.0,7.4,9.4,69.3,25262,11252,54
Unranked,25,8,1.58,7.6,9.1,6.8,188.4,23208,12574,12
Silver 3,51,70,1.84,8.5,7.7,5.7,180.5,21306,12688,94
Silver 3,54,103,2.36,3.3,6.2,11.3,51.8,19998,9557,19
Silver 3,49,101,2.41,7.1,6.1,7.5,174.8,17660,11783,120
Silver 3,60,243,4.21,7.3,3.9,9.1,208.8,15845,13131,180
Silver 3,58,139,2.48,10.3,7.3,7.7,175.5,23785,13691,181
Unranked,62,66,1.62,7.6,7.4,4.5,195.3,20526,12743,67
Unranked,51,35,1.9,7.8,7.9,7.2,121.4,16789,11400,23
Unranked,43,7,1.23,4.9,5.7,2.1,125.9,12160,9262,4
Silver 3,52,110,2.47,4.4,3.8,5.0,218.9,18565,12413,42
Silver 3,60,62,2.62,6.0,6.0,9.7,128.5,19952,10381,35
Silver 3,47,51,2.06,9.8,7.9,6.5,154.4,27619,12149,79
Unranked,63,171,3.29,12.2,5.7,6.7,155.9,24694,12885,239
Silver 3,67,129,2.99,8.8,6.1,9.4,166.5,20612,12775,141
Challenger,56,445,2.81,6.9,4.9,7.0,175.4,18767,11455,395
Challenger,52,138,3.31,8.0,4.6,7.1,151.9,17470,11338,197
Challenger,65,293,3.78,4.2,3.9,10.6,134.4,12079,9092,61
Challenger,66,165,5.29,5.7,2.5,7.5,172.9,18992,10399,79
Challenger,58,365,3.91,6.5,3.5,7.2,206.2,20048,11788,194
Challenger,50,48,2.76,11.4,6.3,6.0,170.4,23546,12770,55
Challenger,51,65,3.07,8.6,4.7,6.0,202.3,19306,12446,111
Challenger,62,157,2.71,9.4,5.5,5.4,174.0,21566,11968,168
Challenger,61,43,2.4,7.8,5.8,6.0,232.6,23001,13607,35
Challenger,60,402,3.12,8.1,4.5,5.9,185.1,19247,11607,471
Challenger,56,590,3.47,2.9,4.1,11.2,127.9,12397,8598,80
Challenger,66,68,3.27,5.2,4.2,8.5,152.4,17943,10722,13
Unranked,57,23,2.48,8.6,7.0,8.7,205.5,24720,13907,33
Unranked,50,6,2.13,3.8,5.3,7.5,146.8,12675,9313,4
Unranked,25,4,1.71,6.0,6.0,4.3,116.8,14707,8870,2
Silver 3,56,128,2.82,8.0,5.9,8.6,148.2,29491,11567,96
Silver 3,48,54,1.71,7.1,8.3,7.0,189.2,20833,12259,44
Unranked,58,19,3.01,9.7,6.1,8.5,191.6,26128,13999,28
Challenger,58,116,3.24,6.2,3.9,6.4,200.3,22708,11474,115
Unranked,33,9,2.7,5.1,6.0,11.1,36.4,17510,9056,8
Unranked,56,9,4.14,1.1,4.0,15.4,27.7,4234,7327,0
Silver 3,68,19,1.74,5.5,5.6,4.2,170.2,21159,11559,6
Silver 3,53,32,1.86,9.2,7.3,4.4,170.5,22856,12674,45
Unranked,47,19,1.37,8.1,9.6,5.1,153.8,23280,11610,21
Silver 3,55,78,2.5,3.6,6.7,13.0,37.7,15324,9316,13
Silver 3,65,40,2.67,8.7,6.7,9.0,177.7,23024,12981,71
Silver 3,43,60,1.54,8.0,7.8,4.0,145.4,20114,11782,51
Unranked,53,51,3.08,11.4,6.3,7.9,115.0,23286,11815,60
Silver 3,68,28,3.1,9.7,5.3,6.8,198.9,21165,13362,71
Challenger,49,73,1.95,4.9,5.5,5.8,173.3,18508,10699,31
Challenger,52,2047,3.96,1.4,3.7,13.4,34.2,4812,6983,96
Unranked,67,6,3.21,5.2,6.5,15.7,103.8,15727,10843,4
Unranked,53,49,2.92,8.7,5.2,6.5,158.7,18793,11529,59
Unranked,56,18,3.32,4.8,4.1,8.6,173.8,14979,12079,11
Silver 3,24,21,1.59,5.8,7.6,6.2,158.0,15527,10522,16
Unranked,52,46,2.65,9.1,6.8,9.0,186.6,28795,13568,49
Silver 3,50,8,2.96,5.0,6.8,15.0,57.1,21700,10278,3
Silver 3,48,61,2.15,11.0,8.2,6.6,129.9,25484,12275,142
Silver 3,69,26,3.4,7.5,5.6,11.5,125.3,26282,11987,19
Silver 3,60,74,2.82,7.0,7.9,15.4,32.6,21791,10713,38
Silver 3,55,20,2.99,10.6,5.6,6.0,175.3,24965,13554,32
Silver 3,60,137,2.34,7.2,6.2,7.4,167.4,18562,11782,171
Silver 3,50,16,2.23,12.2,8.2,6.1,173.3,23705,12820,54
Unranked,69,16,3.39,9.2,5.1,8.2,147.3,23402,11664,21
Silver 3,60,10,3.19,11.4,5.4,5.8,145.1,24054,11100,18
Unranked,54,90,1.99,4.6,6.7,8.8,68.9,20775,10091,34
Silver 3,60,40,2.65,6.8,6.4,10.3,74.4,25429,10827,33
Silver 4,65,71,3.13,13.0,6.1,6.2,191.1,26291,14492,122
Silver 4,56,163,4.55,1.5,4.0,16.9,6.9,6863,7852,5
Silver 4,75,20,2.67,11.0,6.4,6.1,141.4,24828,12205,26
Unranked,53,89,3.02,2.2,5.8,15.2,36.4,7484,8330,4
Unranked,62,58,2.75,11.2,6.1,5.5,137.7,23179,11757,136
Unranked,36,11,1.47,6.2,6.7,3.7,145.1,17295,10764,6
Challenger,57,89,2.63,5.4,3.9,4.9,221.2,21487,11776,62
Challenger,63,51,1.79,7.7,7.1,4.9,210.4,19709,12350,53
Challenger,52,220,2.38,5.8,5.3,6.7,209.4,21095,11597,88
Challenger,49,424,1.76,5.7,5.9,4.8,180.5,17668,11079,297
Challenger,58,404,2.86,7.3,4.8,6.3,160.4,18436,11007,336
Challenger,60,257,3.19,8.0,4.7,7.0,170.6,18965,11151,251
Challenger,57,190,2.87,5.5,3.8,5.3,193.7,15170,11154,101
Challenger,56,154,4.41,7.1,3.8,9.4,142.1,15414,10687,107
Challenger,61,395,2.18,8.2,5.4,3.6,196.1,19557,12247,449
Challenger,60,402,3.12,8.1,4.5,5.9,185.1,19247,11607,471
Challenger,56,590,3.47,2.9,4.1,11.2,127.9,12397,8598,80
Challenger,57,28,2.25,11.1,9.3,9.8,208.3,33849,14093,58
Unranked,59,39,2.98,7.3,5.3,8.5,142.6,16452,11502,25
Silver 4,48,246,1.71,6.5,7.3,5.9,172.3,19471,11837,167
Unranked,48,139,1.83,7.8,9.9,10.2,52.6,26965,11214,137
Unranked,58,55,1.64,6.6,7.1,5.0,173.1,19623,12090,43
Silver 4,37,30,1.47,5.9,7.7,5.4,147.0,17175,10965,11
Unranked,50,40,2.68,9.2,6.5,8.3,155.0,17995,12764,26
Silver 4,41,17,1.48,4.6,6.4,4.9,122.8,10272,9037,9
Unranked,80,5,2.41,8.8,6.8,7.6,208.8,17091,13714,10
Unranked,67,3,3.58,19.0,6.3,3.7,238.7,38183,17707,15
Unranked,60,5,3.04,5.6,5.6,11.4,127.0,17935,9548,1
Unranked,43,49,2.31,5.1,5.6,7.8,158.1,13944,10496,26
Silver 4,40,5,1.29,1.4,8.2,9.2,54.8,15313,7825,0
Silver 4,41,64,2.28,6.1,5.1,5.6,172.7,19985,11788,35
Unranked,50,8,2.53,4.4,6.1,11.1,146.1,8849,11285,5
Unranked,50,4,2.44,8.0,6.3,7.3,177.3,19256,13159,2
Silver 4,35,17,2.15,3.0,8.2,14.7,36.2,9884,8526,1
Silver 4,58,106,2.74,12.3,7.5,8.2,163.2,28771,13360,215
Challenger,58,626,2.7,7.5,5.3,6.7,190.4,18080,11840,647
Challenger,46,44,3.85,7.5,4.0,7.9,243.4,19675,13251,42
Challenger,53,198,2.97,7.3,4.8,6.9,146.9,15767,10777,230
Challenger,58,74,3.07,8.7,5.1,7.0,168.3,19593,11725,73
Challenger,59,189,2.21,5.7,5.3,6.0,170.0,17812,10695,110
Master,57,21,2.18,8.5,7.0,6.9,237.7,21018,13898,27
Challenger,50,48,2.76,11.4,6.3,6.0,170.4,23546,12770,55
Challenger,62,226,2.67,6.6,3.8,3.6,210.4,16759,12015,206
Challenger,57,184,1.92,5.1,4.9,4.2,211.2,17346,11609,96
Challenger,59,87,3.4,8.0,3.9,5.2,216.9,18092,12308,123
Challenger,66,64,3.12,9.1,5.5,7.9,196.9,29241,12542,101
Challenger,58,350,3.43,8.3,4.6,7.5,155.9,18701,11319,326
Challenger,62,167,2.59,6.6,4.5,5.0,199.0,15760,11440,224
Unranked,50,10,2.15,5.3,6.5,8.7,117.1,15378,9733,6
Silver 4,52,92,3.42,4.9,4.5,10.4,28.1,17237,9315,15
Silver 4,49,253,2.45,4.5,5.6,9.3,130.4,13888,9895,70
Unranked,73,11,3.14,1.9,4.5,12.4,35.9,8234,7641,0
Silver 4,57,21,2.3,11.5,8.5,8.0,129.0,22032,12532,34
Silver 4,53,30,2.96,12.6,6.7,7.3,160.5,26127,14062,66
Silver 4,53,15,2.16,8.0,6.1,5.3,147.6,17159,11749,19
Silver 4,48,75,2.16,9.6,7.3,6.3,182.5,22683,13463,81
Silver 4,62,26,3.31,6.6,4.0,6.8,158.6,17958,11800,31
Silver 4,57,30,1.74,4.0,5.8,6.1,133.1,14988,9733,13
Unranked,64,97,2.62,10.6,6.7,6.9,169.0,26290,12921,137
Silver 4,36,14,1.49,8.4,9.6,6.0,162.0,21723,12058,17
Challenger,71,186,4.04,9.3,3.9,6.5,178.6,19218,12539,339
Challenger,52,220,2.38,5.8,5.3,6.7,209.4,21095,11597,88
Challenger,65,293,3.78,4.2,3.9,10.6,134.4,12079,9092,61
Challenger,58,404,2.86,7.3,4.8,6.3,160.4,18436,11007,336
Challenger,64,118,3.54,1.7,4.6,14.6,35.2,5422,7542,7
Challenger,50,48,2.76,11.4,6.3,6.0,170.4,23546,12770,55
Challenger,56,154,4.41,7.1,3.8,9.4,142.1,15414,10687,107
Challenger,59,184,3.11,7.5,4.4,6.1,211.1,19240,12530,166
Challenger,59,87,3.4,8.0,3.9,5.2,216.9,18092,12308,123
Challenger,58,350,3.43,8.3,4.6,7.5,155.9,18701,11319,326
Challenger,58,137,5.68,10.7,3.0,6.5,182.7,24476,12755,169
Challenger,73,114,3.86,4.3,3.7,10.1,119.8,13279,8616,30
Unranked,50,6,2.84,8.5,6.2,9.0,163.2,31225,11987,8
Unranked,50,4,1.79,4.5,8.3,10.3,53.5,17663,8641,1
Silver 4,50,32,2.45,9.3,6.5,6.6,157.6,22324,12449,28
Silver 4,52,130,1.86,10.5,8.8,5.9,159.2,21754,12885,179
Silver 4,50,86,2.47,8.5,5.9,6.1,177.4,19597,12528,85
Silver 4,50,10,1.6,4.7,8.1,8.3,137.2,18395,9777,1
Unranked,54,151,2.37,5.0,6.3,9.9,174.3,12889,11679,64
Bronze 1,60,5,2.41,8.6,6.4,6.8,161.0,20009,11386,4
Unranked,67,9,3.61,12.7,4.9,5.0,177.9,21698,13183,16
Silver 4,64,89,2.23,7.5,6.6,7.1,138.1,18187,11424,67
Bronze 1,50,2,3.2,12.0,5.0,4.0,133.0,25147,11491,4
Unranked,40,5,1.3,2.4,4.6,3.6,129.0,8465,8325,0
Silver 4,55,40,1.93,7.9,7.6,6.7,150.3,18060,11464,47
Challenger,55,148,2.96,7.0,5.4,8.9,134.4,14831,10801,91
Challenger,67,63,3.01,7.6,4.6,6.3,205.6,19467,12985,73
Challenger,52,220,2.38,5.8,5.3,6.7,209.4,21095,11597,88
Challenger,60,105,3.5,7.8,4.3,7.2,159.0,16167,11439,154
Challenger,55,760,2.52,9.2,5.8,5.4,184.4,21518,12103,817
Challenger,66,165,5.29,5.7,2.5,7.5,172.9,18992,10399,79
Challenger,59,482,2.79,8.5,5.9,7.9,66.7,13135,11395,668
Challenger,58,342,2.74,3.9,4.5,8.5,176.3,15681,10511,88
Challenger,56,239,3.97,5.4,3.5,8.6,171.9,23000,10652,101
Challenger,52,199,2.97,4.9,4.9,9.7,38.9,8151,9575,108
Challenger,59,496,5.02,2.0,3.4,15.1,26.0,8074,8020,31
Challenger,61,43,2.4,7.8,5.8,6.0,232.6,23001,13607,35
Challenger,60,402,3.12,8.1,4.5,5.9,185.1,19247,11607,471
Challenger,56,590,3.47,2.9,4.1,11.2,127.9,12397,8598,80
Challenger,58,137,5.68,10.7,3.0,6.5,182.7,24476,12755,169
Unranked,25,4,3.3,8.5,5.0,8.0,136.0,18661,11045,5
Unranked,20,5,2.08,7.6,4.8,2.4,194.6,13210,12228,10
Unranked,25,4,2.05,6.5,5.3,4.3,193.3,15722,11907,4
Bronze 1,40,10,3.41,9.0,4.9,7.7,107.7,20744,10811,6
Bronze 1,54,13,1.92,7.5,7.0,6.0,185.0,22079,12039,9
Bronze 1,48,61,2.16,6.7,6.2,6.6,169.0,15302,11187,55
Challenger,64,53,2.43,6.2,4.8,5.4,183.7,17304,11353,37
Challenger,51,65,3.07,8.6,4.7,6.0,202.3,19306,12446,111
Challenger,71,31,3.9,8.8,4.4,8.2,144.8,16834,11696,30
Challenger,59,87,3.4,8.0,3.9,5.2,216.9,18092,12308,123
Unranked,60,122,4.23,7.4,3.4,6.8,201.4,18505,12242,129
Challenger,58,350,3.43,8.3,4.6,7.5,155.9,18701,11319,326
Challenger,61,372,2.68,6.3,4.1,4.6,210.9,16249,11890,287
Challenger,58,116,3.24,6.2,3.9,6.4,200.3,22708,11474,115
Bronze 1,33,43,1.15,6.9,10.8,5.6,163.4,17666,11802,36
Unranked,49,39,2.88,4.9,5.0,9.4,44.9,19501,9681,31
Bronze 1,67,24,2.58,9.4,6.7,7.9,144.9,17680,12367,22
Unranked,60,5,2.08,5.4,5.2,5.4,138.4,15120,9244,0
Unranked,50,2,2.46,2.5,6.5,13.5,33.5,16477,8555,0
Unranked,43,53,1.55,3.7,5.4,4.7,141.7,12863,9615,8
Bronze 1,52,105,2.05,6.8,6.2,5.8,186.1,18375,12058,101
Unranked,53,15,2.78,6.5,5.5,8.7,126.5,19714,9920,12
Unranked,43,7,1.24,2.4,7.1,6.4,77.7,10745,7976,0
Bronze 1,52,492,1.89,8.2,8.1,7.2,141.2,21420,11641,444
Bronze 1,55,11,1.84,7.5,7.8,6.8,118.6,22975,10721,10
Unranked,25,4,1.27,0.3,7.5,9.3,34.0,7297,6857,0
Bronze 1,62,53,2.58,8.1,7.0,10.1,196.7,32190,13453,50
Unranked,46,44,1.93,6.0,5.9,5.3,144.4,17083,10546,24
Unranked,67,3,6.11,9.0,3.0,9.3,177.0,19403,12980,4
Unranked,50,2,0.83,4.0,9.0,3.5,134.0,17753,8516,1
Unranked,43,14,2.38,10.1,6.6,5.5,158.0,20163,12434,35
Bronze 1,40,57,1.49,4.5,8.4,8.1,133.7,13269,10393,15
Bronze 1,37,63,1.82,5.4,6.7,6.7,100.9,15546,9342,24
Bronze 1,42,33,2.54,8.3,6.3,7.7,152.3,22776,12537,35
Bronze 1,50,2,2.1,4.5,5.0,6.0,169.5,17459,11261,2
Bronze 2,55,53,2.29,7.8,6.5,7.0,144.2,15955,11401,64
Unranked,43,70,2.1,4.2,6.0,8.3,41.8,16572,8708,11
Challenger,57,89,2.63,5.4,3.9,4.9,221.2,21487,11776,62
Challenger,58,74,3.07,8.7,5.1,7.0,168.3,19593,11725,73
Challenger,62,148,3.16,8.4,4.4,5.4,203.1,18709,12174,206
Challenger,64,118,3.54,1.7,4.6,14.6,35.2,5422,7542,7
Challenger,60,257,3.19,8.0,4.7,7.0,170.6,18965,11151,251
Challenger,56,220,4.33,6.3,2.6,5.1,245.6,16463,12626,222
Challenger,60,119,2.86,8.6,4.9,5.5,226.7,20517,13213,174
Challenger,71,31,3.9,8.8,4.4,8.2,144.8,16834,11696,30
Challenger,55,145,3.2,7.4,4.3,6.5,212.2,19935,12539,146
Unranked,60,122,4.23,7.4,3.4,6.8,201.4,18505,12242,129
Challenger,60,137,2.76,6.7,4.8,6.6,198.0,23217,11635,159
Challenger,58,137,5.68,10.7,3.0,6.5,182.7,24476,12755,169
Challenger,58,116,3.24,6.2,3.9,6.4,200.3,22708,11474,115
Unranked,36,14,1.58,4.9,7.6,7.1,94.2,16571,9016,7
Unranked,25,4,2.8,5.8,3.8,4.8,160.0,13050,10084,3
Unranked,33,12,1.08,5.0,8.8,4.6,38.8,8444,9068,10
Bronze 2,57,61,2.34,6.3,5.0,5.3,150.0,16125,11132,29
Bronze 2,39,33,2.29,5.6,6.5,9.3,140.6,21677,11002,8
Unranked,39,31,3.97,1.2,3.6,13.2,5.0,5786,6701,1
Bronze 2,25,4,1.14,3.0,7.3,5.3,97.0,10631,7463,1
Bronze 2,50,16,1.34,5.3,8.0,5.4,138.9,15240,10502,10
Bronze 2,45,78,1.49,6.1,7.9,5.7,147.5,18406,11132,52
Bronze 2,33,3,1.85,12.3,11.3,8.7,211.0,34194,15912,11
Bronze 2,49,100,2.22,7.5,6.4,6.8,149.0,14615,11733,50
Bronze 2,53,62,2.83,6.3,5.0,7.9,141.4,14153,10960,25
Unranked,52,25,1.63,6.0,8.2,7.3,110.4,17664,9481,20
Bronze 2,40,10,1.76,4.6,8.3,10.0,40.9,27189,9954,1
Bronze 2,50,4,3.55,14.3,7.3,11.5,188.0,27664,17330,10
Unranked,51,39,1.95,6.1,5.9,5.5,175.2,15401,11542,39
Bronze 2,56,57,3.26,7.3,4.8,8.3,158.1,14423,11579,45
Unranked,33,15,1.11,5.9,8.6,3.7,82.3,14274,8362,7
Unranked,29,14,2.44,7.1,6.2,8.0,233.1,21771,13996,13
Bronze 2,61,104,3.97,1.1,4.3,16.0,21.2,5149,8014,1
Challenger,43,49,2.86,10.9,6.0,6.2,191.8,24041,13079,61
Challenger,50,105,2.3,5.8,5.3,6.3,201.7,19304,11438,95
Challenger,54,76,2.01,6.0,8.4,10.9,35.4,9925,10080,39
Challenger,58,74,3.07,8.7,5.1,7.0,168.3,19593,11725,73
Challenger,62,148,3.16,8.4,4.4,5.4,203.1,18709,12174,206
Challenger,58,404,2.86,7.3,4.8,6.3,160.4,18436,11007,336
Challenger,60,208,3.3,1.4,4.8,14.4,29.6,5271,7098,5
Challenger,50,48,2.76,11.4,6.3,6.0,170.4,23546,12770,55
Challenger,56,239,3.97,5.4,3.5,8.6,171.9,23000,10652,101
Challenger,62,157,2.71,9.4,5.5,5.4,174.0,21566,11968,168
Challenger,53,136,4.32,7.5,3.6,8.1,160.1,15582,11485,121
Challenger,58,137,5.68,10.7,3.0,6.5,182.7,24476,12755,169
Unranked,53,40,2.92,6.1,5.2,9.0,133.4,18848,10207,21
Bronze 3,63,122,2.16,10.6,6.9,4.2,161.2,25110,12991,235
Unranked,55,11,3.04,6.9,5.0,8.3,149.1,22570,11723,5
Unranked,46,24,2.55,7.3,5.3,6.3,154.6,16671,11537,21
Bronze 3,23,26,1.31,4.6,7.9,5.7,130.4,16927,9701,11
Bronze 3,59,75,2.45,7.7,6.4,7.9,183.0,18414,12163,77
Unranked,48,82,3.25,8.4,4.6,6.5,131.6,20848,11461,43
Bronze 3,67,3,1.59,4.3,7.3,7.3,33.7,10408,9439,0
Unranked,40,5,3.74,13.2,5.4,7.0,191.2,28967,14675,10
Bronze 3,47,132,2.23,8.4,7.3,8.0,154.6,19811,12190,183
Unranked,59,17,1.66,3.8,5.8,5.8,135.9,12097,8317,4
Unranked,46,11,1.79,4.7,9.4,12.0,34.0,15443,9427,3
Unranked,35,29,1.39,3.5,6.7,5.9,117.1,14173,8653,8
Unranked,67,6,1.57,2.8,6.2,6.8,96.5,8389,7638,0
Unranked,75,8,3.25,3.0,4.0,10.0,49.6,7585,7547,0
Unranked,60,80,3.29,4.8,4.4,9.8,191.0,11578,11979,25
Unranked,33,3,2.04,6.7,8.7,11.0,179.3,27968,13206,2
Bronze 3,33,12,1.83,8.0,6.3,3.6,148.5,24383,11538,5
Bronze 3,29,38,2.04,7.1,6.4,5.9,156.8,17100,11765,24
Bronze 3,55,69,2.37,1.8,7.0,14.7,33.5,6357,7862,6
Challenger,61,182,3.21,8.9,4.3,4.9,183.8,20226,11578,273
Challenger,56,154,4.41,7.1,3.8,9.4,142.1,15414,10687,107
Challenger,51,65,3.07,8.6,4.7,6.0,202.3,19306,12446,111
Challenger,62,157,2.71,9.4,5.5,5.4,174.0,21566,11968,168
Challenger,59,87,3.4,8.0,3.9,5.2,216.9,18092,12308,123
Challenger,61,43,2.4,7.8,5.8,6.0,232.6,23001,13607,35
Challenger,61,372,2.68,6.3,4.1,4.6,210.9,16249,11890,287
Challenger,60,269,4.21,1.6,3.7,13.9,17.4,5846,7292,19
Challenger,58,116,3.24,6.2,3.9,6.4,200.3,22708,11474,115
Challenger,49,73,1.95,4.9,5.5,5.8,173.3,18508,10699,31
Challenger,57,28,2.25,11.1,9.3,9.8,208.3,33849,14093,58
Unranked,45,20,2.21,6.0,6.3,8.0,159.9,18689,10664,16
Bronze 4,48,159,2.41,5.2,5.9,8.9,71.8,22876,9336,51
Unranked,0,1,0.0,0.0,0.0,0.0,0.0,0,1651,0
Bronze 4,36,11,1.57,6.2,7.5,5.5,105.1,13712,9172,11
Bronze 4,41,59,1.34,6.9,8.6,4.6,126.1,18187,10594,47
Bronze 4,43,249,2.17,7.5,6.9,7.6,147.9,17491,11205,250
Unranked,55,22,1.86,7.4,6.8,5.2,216.5,19319,12938,26
Bronze 4,0,4,0.74,2.8,8.8,3.8,89.3,15118,8196,2
Unranked,59,22,2.48,3.8,6.0,11.1,130.3,12258,9862,3
Unranked,11,9,1.1,1.0,6.6,6.2,107.3,7026,6914,0
Unranked,39,33,1.28,4.0,8.3,6.6,124.3,18096,9887,9
Unranked,36,45,1.91,5.7,7.2,8.0,44.0,9648,10648,38
Bronze 4,56,103,2.54,5.3,5.9,9.6,114.6,14277,9843,44
